TAXRANK_target,target,source,TAXRANK_source,data_source_x,relations_x,relations_y,Hits,Score,data_source_y,_merge
 SPECIES,SYLVATICA,RANA, GENUS,VTO ontology,is_a,PARENT-CHILD,1.0,13.0,JEFF corpus,both
 SPECIES,PIRICA,RANA, GENUS,VTO ontology,is_a,PARENT-CHILD,1.0,13.41,JEFF corpus,both
 SPECIES,HOYI,SOREX, GENUS,VTO ontology,is_a,CHILD-PARENT,1.0,11.41,JEFF corpus,both
 SPECIES,LUTRA,LUTRA, GENUS,VTO ontology,is_a,PARENT-CHILD,12.0,13.99,JEFF corpus,both
 SPECIES,CANADENSIS,LONTRA, GENUS,VTO ontology,is_a,PARENT-CHILD,2.0,11.75,JEFF corpus,both
 SPECIES,VISON,NEOVISON, GENUS,VTO ontology,is_a,PARENT-CHILD,1.0,12.19,JEFF corpus,both
 SPECIES,CANADENSIS,OVIS, GENUS,VTO ontology,is_a,CHILD-PARENT,1.0,10.82,JEFF corpus,both
 SPECIES,CANADENSIS,OVIS, GENUS,VTO ontology,is_a,CHILD-PARENT,1.0,10.82,JEFF corpus,both
 SPECIES,ELAPHUS,CERVUS, GENUS,VTO ontology,is_a,PARENT-CHILD,1.0,13.99,JEFF corpus,both
 SPECIES,CANADENSIS,CASTOR, GENUS,VTO ontology,is_a,CHILD-PARENT,9.0,13.47,JEFF corpus,both
 SPECIES,HUDSONIUS,ZAPUS, GENUS,VTO ontology,is_a,CHILD-PARENT,1.0,11.83,JEFF corpus,both
 SPECIES,MUSCULUS,MUS, GENUS,VTO ontology,is_a,PARENT-CHILD,2.0,13.99,JEFF corpus,both
 SPECIES,MUSCULUS,MUS, GENUS,VTO ontology,is_a,PARENT-CHILD,2.0,13.99,JEFF corpus,both
 SPECIES,MUSCULUS,MUS, GENUS,VTO ontology,is_a,PARENT-CHILD,2.0,13.99,JEFF corpus,both
 SPECIES,SAGREI,ANOLIS, GENUS,VTO ontology,is_a,PARENT-CHILD,2.0,13.99,JEFF corpus,both
 SPECIES,UNDULATUS,SCELOPORUS, GENUS,VTO ontology,is_a,PARENT-CHILD,1.0,13.99,JEFF corpus,both
 SPECIES,CARBO,PHALACROCORAX, GENUS,VTO ontology,is_a,PARENT-CHILD,1.0,13.41,JEFF corpus,both
 SPECIES,MAJOR,PARUS, GENUS,VTO ontology,is_a,PARENT-CHILD,2.0,13.41,JEFF corpus,both
 SPECIES,MERGANSER,MERGUS, GENUS,VTO ontology,is_a,PARENT-CHILD,2.0,13.41,JEFF corpus,both
 SPECIES,CRISTATUS,PODICEPS, GENUS,VTO ontology,is_a,PARENT-CHILD,3.0,13.99,JEFF corpus,both
 SPECIES,GARZETTA,EGRETTA, GENUS,VTO ontology,is_a,PARENT-CHILD,3.0,13.99,JEFF corpus,both
 SPECIES,CINEREA,ARDEA, GENUS,VTO ontology,is_a,PARENT-CHILD,4.0,13.67,JEFF corpus,both
 SPECIES,SPATULA,ATRACTOSTEUS, GENUS,VTO ontology,is_a,PARENT-CHILD,6.0,13.99,JEFF corpus,both
 SPECIES,PLATOSTOMUS,LEPISOSTEUS, GENUS,VTO ontology,is_a,PARENT-CHILD,2.0,11.24,JEFF corpus,both
 SPECIES,OSSEUS,LEPISOSTEUS, GENUS,VTO ontology,is_a,PARENT-CHILD,11.0,13.25,JEFF corpus,both
 SPECIES,OCULATUS,LEPISOSTEUS, GENUS,VTO ontology,is_a,PARENT-CHILD,10.0,13.15,JEFF corpus,both
 SPECIES,MOORII,MARCUSENIUS, GENUS,VTO ontology,is_a,CHILD-PARENT,1.0,13.0,JEFF corpus,both
 SPECIES,GIGAS,ARAPAIMA, GENUS,VTO ontology,is_a,PARENT-CHILD,14.0,13.99,JEFF corpus,both
 SPECIES,AUSTRALIS,ANGUILLA, GENUS,VTO ontology,is_a,PARENT-CHILD,10.0,10.74,JEFF corpus,both
 SPECIES,MARMORATA,ANGUILLA, GENUS,VTO ontology,is_a,PARENT-CHILD,4.0,9.5,JEFF corpus,both
 SPECIES,ROSTRATA,ANGUILLA, GENUS,VTO ontology,is_a,PARENT-CHILD,32.0,12.27,JEFF corpus,both
 SPECIES,JAPONICA,ANGUILLA, GENUS,VTO ontology,is_a,PARENT-CHILD,50.0,12.79,JEFF corpus,both
 SPECIES,ANGUILLA,ANGUILLA, GENUS,VTO ontology,is_a,PARENT-CHILD,52.0,12.86,JEFF corpus,both
 SPECIES,REINHARDTII,ANGUILLA, GENUS,VTO ontology,is_a,PARENT-CHILD,1.0,7.52,JEFF corpus,both
 SPECIES,DIEFFENBACHII,ANGUILLA, GENUS,VTO ontology,is_a,PARENT-CHILD,26.0,12.03,JEFF corpus,both
 SPECIES,HARENGUS,CLUPEA, GENUS,VTO ontology,is_a,PARENT-CHILD,6.0,13.99,JEFF corpus,both
 SPECIES,TYRANNUS,BREVOORTIA, GENUS,VTO ontology,is_a,PARENT-CHILD,2.0,13.99,JEFF corpus,both
 SPECIES,CHRYSOCHLORIS,ALOSA, GENUS,VTO ontology,is_a,PARENT-CHILD,1.0,9.27,JEFF corpus,both
 SPECIES,FALLAX,ALOSA, GENUS,VTO ontology,is_a,PARENT-CHILD,4.0,11.17,JEFF corpus,both
 SPECIES,ALOSA,ALOSA, GENUS,VTO ontology,is_a,PARENT-CHILD,13.0,12.68,JEFF corpus,both
 SPECIES,PSEUDOHARENGUS,ALOSA, GENUS,VTO ontology,is_a,PARENT-CHILD,13.0,12.68,JEFF corpus,both
 SPECIES,SAPIDISSIMA,ALOSA, GENUS,VTO ontology,is_a,PARENT-CHILD,18.0,11.125,JEFF corpus,both
 SPECIES,CEPEDIANUM,DOROSOMA, GENUS,VTO ontology,is_a,PARENT-CHILD,17.0,13.72,JEFF corpus,both
 SPECIES,PETENENSE,DOROSOMA, GENUS,VTO ontology,is_a,PARENT-CHILD,4.0,12.29,JEFF corpus,both
 SPECIES,ENCRASICOLUS,ENGRAULIS, GENUS,VTO ontology,is_a,PARENT-CHILD,1.0,12.41,JEFF corpus,both
 SPECIES,MORDAX,ENGRAULIS, GENUS,VTO ontology,is_a,PARENT-CHILD,4.0,12.24,JEFF corpus,both
 SPECIES,CAMERUNENSIS,CLARIAS, GENUS,VTO ontology,is_a,PARENT-CHILD,1.0,11.54,JEFF corpus,both
 SPECIES,PLATYCEPHALUS,CLARIAS, GENUS,VTO ontology,is_a,PARENT-CHILD,1.0,11.54,JEFF corpus,both
 SPECIES,JAENSIS,CLARIAS, GENUS,VTO ontology,is_a,PARENT-CHILD,1.0,11.54,JEFF corpus,both
 SPECIES,PACHYNEMA,CLARIAS, GENUS,VTO ontology,is_a,PARENT-CHILD,1.0,11.54,JEFF corpus,both
 SPECIES,GARIEPINUS,CLARIAS, GENUS,VTO ontology,is_a,PARENT-CHILD,5.0,13.51,JEFF corpus,both
 SPECIES,GLANIS,SILURUS, GENUS,VTO ontology,is_a,PARENT-CHILD,11.0,13.33,JEFF corpus,both
 SPECIES,ASOTUS,SILURUS, GENUS,VTO ontology,is_a,PARENT-CHILD,8.0,13.09,JEFF corpus,both
 SPECIES,ASOTUS,SILURUS, GENUS,VTO ontology,is_a,PARENT-CHILD,8.0,13.09,JEFF corpus,both
 SPECIES,MERIDIONALIS,SILURUS, GENUS,VTO ontology,is_a,PARENT-CHILD,1.0,10.47,JEFF corpus,both
 SPECIES,FURCATUS,ICTALURUS, GENUS,VTO ontology,is_a,PARENT-CHILD,2.0,11.3,JEFF corpus,both
 SPECIES,PUNCTATUS,ICTALURUS, GENUS,VTO ontology,is_a,PARENT-CHILD,22.0,13.87,JEFF corpus,both
 SPECIES,MUNITUS,NOTURUS, GENUS,VTO ontology,is_a,PARENT-CHILD,1.0,13.41,JEFF corpus,both
 SPECIES,NATALIS,AMEIURUS, GENUS,VTO ontology,is_a,PARENT-CHILD,1.0,11.67,JEFF corpus,both
 SPECIES,NEBULOSUS,AMEIURUS, GENUS,VTO ontology,is_a,PARENT-CHILD,5.0,13.62,JEFF corpus,both
 SPECIES,OLIVARIS,PYLODICTIS, GENUS,VTO ontology,is_a,PARENT-CHILD,7.0,13.72,JEFF corpus,both
 FAMILY,PIMELODIDAE,SILURIFORMES, ORDER,VTO ontology,is_a,PARENT-CHILD,1.0,12.68,JEFF corpus,both
 SPECIES,QUELEN,RHAMDIA, GENUS,VTO ontology,is_a,PARENT-CHILD,1.0,13.99,JEFF corpus,both
 SPECIES,MACULATUS,PIMELODUS, GENUS,VTO ontology,is_a,CHILD-PARENT,9.0,12.21,JEFF corpus,both
 SPECIES,GRANULOSUS,PTERODORAS, GENUS,VTO ontology,is_a,CHILD-PARENT,13.0,13.94,JEFF corpus,both
 SPECIES,GRANULOSUS,PTERODORAS, GENUS,VTO ontology,is_a,CHILD-PARENT,13.0,13.94,JEFF corpus,both
 FAMILY,LORICARIIDAE,SILURIFORMES, ORDER,VTO ontology,is_a,PARENT-CHILD,2.0,13.41,JEFF corpus,both
 SPECIES,ODOE,HEPSETUS, GENUS,VTO ontology,is_a,PARENT-CHILD,5.0,13.99,JEFF corpus,both
 SPECIES,FORSKAHLII,HYDROCYNUS, GENUS,VTO ontology,is_a,PARENT-CHILD,2.0,12.19,JEFF corpus,both
 SPECIES,VITTATUS,HYDROCYNUS, GENUS,VTO ontology,is_a,PARENT-CHILD,9.0,13.77,JEFF corpus,both
 SPECIES,BREVIS,HYDROCYNUS, GENUS,VTO ontology,is_a,PARENT-CHILD,1.0,11.19,JEFF corpus,both
 FAMILY,CHARACIDAE,CHARACIFORMES, ORDER,VTO ontology,is_a,PARENT-CHILD,1.0,12.68,JEFF corpus,both
 SPECIES,SPILOPLEURA,SERRASALMUS, GENUS,VTO ontology,is_a,PARENT-CHILD,1.0,13.0,JEFF corpus,both
 SPECIES,NATTERERI,PYGOCENTRUS, GENUS,VTO ontology,is_a,PARENT-CHILD,3.0,13.99,JEFF corpus,both
 SPECIES,HEPSETUS,OLIGOSARCUS, GENUS,VTO ontology,is_a,PARENT-CHILD,1.0,13.99,JEFF corpus,both
 SPECIES,MYERSII,ROEBOIDES, GENUS,VTO ontology,is_a,PARENT-CHILD,1.0,13.0,JEFF corpus,both
 SPECIES,BIMACULATUS,ASTYANAX, GENUS,VTO ontology,is_a,PARENT-CHILD,1.0,11.0,JEFF corpus,both
 SPECIES,FASCIATUS,ASTYANAX, GENUS,VTO ontology,is_a,PARENT-CHILD,1.0,10.04,JEFF corpus,both
 SPECIES,INTERMEDIUS,ASTYANAX, GENUS,VTO ontology,is_a,PARENT-CHILD,11.0,13.6,JEFF corpus,both
 SPECIES,MEXICANUS,ASTYANAX, GENUS,VTO ontology,is_a,PARENT-CHILD,1.0,11.0,JEFF corpus,both
 SPECIES,ERYTHROZONUS,HEMIGRAMMUS, GENUS,VTO ontology,is_a,PARENT-CHILD,2.0,13.99,JEFF corpus,both
 SPECIES,IHERINGII,BRYCONAMERICUS, GENUS,VTO ontology,is_a,PARENT-CHILD,1.0,12.68,JEFF corpus,both
 SPECIES,STRAMINEUS,BRYCONAMERICUS, GENUS,VTO ontology,is_a,PARENT-CHILD,2.0,12.29,JEFF corpus,both
 SPECIES,LINEATUS,PROCHILODUS, GENUS,VTO ontology,is_a,PARENT-CHILD,14.0,13.99,JEFF corpus,both
 SPECIES,ALTAMAZONICA,POTAMORHINA, GENUS,VTO ontology,is_a,PARENT-CHILD,1.0,13.99,JEFF corpus,both
 SPECIES,FRIDERICI,LEPORINUS, GENUS,VTO ontology,is_a,PARENT-CHILD,3.0,12.77,JEFF corpus,both
 SPECIES,OBTUSIDENS,LEPORINUS, GENUS,VTO ontology,is_a,PARENT-CHILD,2.0,12.19,JEFF corpus,both
 SPECIES,ELONGATUS,LEPORINUS, GENUS,VTO ontology,is_a,PARENT-CHILD,1.0,11.09,JEFF corpus,both
 SPECIES,OCTOFASCIATUS,LEPORINUS, GENUS,VTO ontology,is_a,PARENT-CHILD,4.0,13.09,JEFF corpus,both
 FAMILY,CYPRINIDAE,CYPRINIFORMES, ORDER,VTO ontology,is_a,CHILD-PARENT,1.0,11.0,JEFF corpus,both
 SPECIES,BIGUTTATUS,NOCOMIS, GENUS,VTO ontology,is_a,PARENT-CHILD,4.0,12.68,JEFF corpus,both
 SPECIES,RANEYI,NOCOMIS, GENUS,VTO ontology,is_a,PARENT-CHILD,1.0,10.91,JEFF corpus,both
 SPECIES,MICROPOGON,NOCOMIS, GENUS,VTO ontology,is_a,PARENT-CHILD,5.0,12.92,JEFF corpus,both
 SPECIES,LEPTOCEPHALUS,NOCOMIS, GENUS,VTO ontology,is_a,PARENT-CHILD,4.0,12.68,JEFF corpus,both
 SPECIES,PLACITUS,HYBOGNATHUS, GENUS,VTO ontology,is_a,PARENT-CHILD,6.0,13.33,JEFF corpus,both
 SPECIES,HANKINSONI,HYBOGNATHUS, GENUS,VTO ontology,is_a,PARENT-CHILD,3.0,12.58,JEFF corpus,both
 SPECIES,HAYI,HYBOGNATHUS, GENUS,VTO ontology,is_a,PARENT-CHILD,2.0,12.09,JEFF corpus,both
 SPECIES,CAURINUS,MYLOCHEILUS, GENUS,VTO ontology,is_a,PARENT-CHILD,2.0,13.99,JEFF corpus,both
 SPECIES,FUNDULOIDES,CLINOSTOMUS, GENUS,VTO ontology,is_a,PARENT-CHILD,1.0,13.99,JEFF corpus,both
 SPECIES,BALTEATUS,RICHARDSONIUS, GENUS,VTO ontology,is_a,PARENT-CHILD,12.0,13.88,JEFF corpus,both
 SPECIES,EGREGIUS,RICHARDSONIUS, GENUS,VTO ontology,is_a,PARENT-CHILD,1.0,11.19,JEFF corpus,both
 SPECIES,LEUCISCUS,LEUCISCUS, GENUS,VTO ontology,is_a,PARENT-CHILD,26.0,13.06,JEFF corpus,both
 SPECIES,IDUS,LEUCISCUS, GENUS,VTO ontology,is_a,PARENT-CHILD,3.0,10.35,JEFF corpus,both
 SPECIES,AMARUS,RHODEUS, GENUS,VTO ontology,is_a,PARENT-CHILD,9.0,12.68,JEFF corpus,both
 SPECIES,SERICEUS,RHODEUS, GENUS,VTO ontology,is_a,PARENT-CHILD,23.0,13.61,JEFF corpus,both
 SPECIES,OCELLATUS,RHODEUS, GENUS,VTO ontology,is_a,PARENT-CHILD,2.0,10.68,JEFF corpus,both
 SPECIES,DELINEATUS,LEUCASPIUS, GENUS,VTO ontology,is_a,PARENT-CHILD,6.0,13.88,JEFF corpus,both
 SPECIES,BJOERKNA,BLICCA, GENUS,VTO ontology,is_a,PARENT-CHILD,14.0,13.48,JEFF corpus,both
 SPECIES,ERYTHROPHTHALMUS,SCARDINIUS, GENUS,VTO ontology,is_a,PARENT-CHILD,29.0,13.72,JEFF corpus,both
 SPECIES,BRAMA,ABRAMIS, GENUS,VTO ontology,is_a,PARENT-CHILD,54.0,13.81,JEFF corpus,both
 SPECIES,PROMELAS,PIMEPHALES, GENUS,VTO ontology,is_a,PARENT-CHILD,11.0,13.06,JEFF corpus,both
 SPECIES,NOTATUS,PIMEPHALES, GENUS,VTO ontology,is_a,PARENT-CHILD,11.0,12.57,JEFF corpus,both
 SPECIES,VIGILAX,PIMEPHALES, GENUS,VTO ontology,is_a,PARENT-CHILD,8.0,12.68,JEFF corpus,both
 SPECIES,AESTIVALIS,MACRHYBOPSIS, GENUS,VTO ontology,is_a,PARENT-CHILD,2.0,13.19,JEFF corpus,both
 SPECIES,MEEKI,MACRHYBOPSIS, GENUS,VTO ontology,is_a,PARENT-CHILD,3.0,13.58,JEFF corpus,both
 SPECIES,EMILIAE,OPSOPOEODUS, GENUS,VTO ontology,is_a,PARENT-CHILD,1.0,13.41,JEFF corpus,both
 SPECIES,SOUFFIA,TELESTES, GENUS,VTO ontology,is_a,PARENT-CHILD,1.0,13.41,JEFF corpus,both
 SPECIES,ALBIPINNATUS,ROMANOGOBIO, GENUS,VTO ontology,is_a,CHILD-PARENT,1.0,13.41,JEFF corpus,both
 SPECIES,TINCA,TINCA, GENUS,VTO ontology,is_a,PARENT-CHILD,27.0,13.87,JEFF corpus,both
 SPECIES,BALLERUS,BALLERUS, GENUS,VTO ontology,is_a,CHILD-PARENT,1.0,13.41,JEFF corpus,both
 SPECIES,RUBILIO,RUTILUS, GENUS,VTO ontology,is_a,PARENT-CHILD,1.0,7.32,JEFF corpus,both
 SPECIES,RUTILUS,RUTILUS, GENUS,VTO ontology,is_a,PARENT-CHILD,199.0,13.94,JEFF corpus,both
 SPECIES,PANOSI,RUTILUS, GENUS,VTO ontology,is_a,PARENT-CHILD,1.0,7.32,JEFF corpus,both
 SPECIES,ANOMALUM,CAMPOSTOMA, GENUS,VTO ontology,is_a,PARENT-CHILD,16.0,13.99,JEFF corpus,both
 SPECIES,NASUS,CHONDROSTOMA, GENUS,VTO ontology,is_a,PARENT-CHILD,21.0,13.32,JEFF corpus,both
 SPECIES,MOLITRIX,HYPOPHTHALMICHTHYS, GENUS,VTO ontology,is_a,PARENT-CHILD,4.0,13.99,JEFF corpus,both
 SPECIES,CARPIO,CYPRINUS, GENUS,VTO ontology,is_a,PARENT-CHILD,2.0,13.19,JEFF corpus,both
 SPECIES,GIBELIO,CARASSIUS, GENUS,VTO ontology,is_a,PARENT-CHILD,9.0,12.12,JEFF corpus,both
 SPECIES,CUVIERI,CARASSIUS, GENUS,VTO ontology,is_a,PARENT-CHILD,1.0,9.12,JEFF corpus,both
 SPECIES,CARASSIUS,CARASSIUS, GENUS,VTO ontology,is_a,PARENT-CHILD,22.0,13.14,JEFF corpus,both
 SPECIES,AURATUS,CARASSIUS, GENUS,VTO ontology,is_a,PARENT-CHILD,24.0,13.11,JEFF corpus,both
 SPECIES,PARVA,PSEUDORASBORA, GENUS,VTO ontology,is_a,PARENT-CHILD,27.0,13.97,JEFF corpus,both
 SPECIES,CAROLITERTII,SQUALIUS, GENUS,VTO ontology,is_a,PARENT-CHILD,4.0,12.04,JEFF corpus,both
 SPECIES,CEPHALUS,SQUALIUS, GENUS,VTO ontology,is_a,PARENT-CHILD,12.0,12.12,JEFF corpus,both
 SPECIES,CEPHALUS,SQUALIUS, GENUS,VTO ontology,is_a,PARENT-CHILD,12.0,12.12,JEFF corpus,both
 SPECIES,TORGALENSIS,SQUALIUS, GENUS,VTO ontology,is_a,PARENT-CHILD,2.0,11.04,JEFF corpus,both
 SPECIES,PYRENAICUS,SQUALIUS, GENUS,VTO ontology,is_a,PARENT-CHILD,1.0,9.95,JEFF corpus,both
 SPECIES,ARADENSIS,SQUALIUS, GENUS,VTO ontology,is_a,PARENT-CHILD,4.0,12.04,JEFF corpus,both
 SPECIES,ASPIUS,ASPIUS, GENUS,VTO ontology,is_a,PARENT-CHILD,7.0,13.9,JEFF corpus,both
 SPECIES,GRACILIS,PLATYGOBIO, GENUS,VTO ontology,is_a,PARENT-CHILD,1.0,13.0,JEFF corpus,both
 SPECIES,CATARACTAE,RHINICHTHYS, GENUS,VTO ontology,is_a,PARENT-CHILD,15.0,13.51,JEFF corpus,both
 SPECIES,ATRATULUS,RHINICHTHYS, GENUS,VTO ontology,is_a,PARENT-CHILD,2.0,11.19,JEFF corpus,both
 SPECIES,OSCULUS,RHINICHTHYS, GENUS,VTO ontology,is_a,PARENT-CHILD,8.0,12.87,JEFF corpus,both
 SPECIES,COBITIS,RHINICHTHYS, GENUS,VTO ontology,is_a,PARENT-CHILD,1.0,10.24,JEFF corpus,both
 SPECIES,SPILOPTERA,CYPRINELLA, GENUS,VTO ontology,is_a,PARENT-CHILD,1.0,9.48,JEFF corpus,both
 SPECIES,CAERULEA,CYPRINELLA, GENUS,VTO ontology,is_a,PARENT-CHILD,6.0,11.91,JEFF corpus,both
 SPECIES,LUTRENSIS,CYPRINELLA, GENUS,VTO ontology,is_a,PARENT-CHILD,9.0,12.33,JEFF corpus,both
 SPECIES,VENUSTA,CYPRINELLA, GENUS,VTO ontology,is_a,PARENT-CHILD,24.0,13.47,JEFF corpus,both
 SPECIES,GALACTURA,CYPRINELLA, GENUS,VTO ontology,is_a,PARENT-CHILD,2.0,10.44,JEFF corpus,both
 SPECIES,ATROMACULATUS,SEMOTILUS, GENUS,VTO ontology,is_a,PARENT-CHILD,21.0,13.96,JEFF corpus,both
 SPECIES,PHOXINUS,PHOXINUS, GENUS,VTO ontology,is_a,PARENT-CHILD,51.0,13.85,JEFF corpus,both
 SPECIES,ERYTHROGASTER,PHOXINUS, GENUS,VTO ontology,is_a,PARENT-CHILD,1.0,8.93,JEFF corpus,both
 SPECIES,EOS,PHOXINUS, GENUS,VTO ontology,is_a,PARENT-CHILD,1.0,9.04,JEFF corpus,both
 SPECIES,TEXANUS,NOTROPIS, GENUS,VTO ontology,is_a,PARENT-CHILD,4.0,10.93,JEFF corpus,both
 SPECIES,STRAMINEUS,NOTROPIS, GENUS,VTO ontology,is_a,PARENT-CHILD,6.0,11.61,JEFF corpus,both
 SPECIES,VOLUCELLUS,NOTROPIS, GENUS,VTO ontology,is_a,PARENT-CHILD,1.0,9.21,JEFF corpus,both
 SPECIES,BAILEYI,NOTROPIS, GENUS,VTO ontology,is_a,PARENT-CHILD,4.0,11.14,JEFF corpus,both
 SPECIES,OXYRHYNCHUS,NOTROPIS, GENUS,VTO ontology,is_a,PARENT-CHILD,3.0,10.75,JEFF corpus,both
 SPECIES,HUDSONIUS,NOTROPIS, GENUS,VTO ontology,is_a,PARENT-CHILD,7.0,11.85,JEFF corpus,both
 SPECIES,SHUMARDI,NOTROPIS, GENUS,VTO ontology,is_a,PARENT-CHILD,2.0,10.19,JEFF corpus,both
 SPECIES,BLENNIUS,NOTROPIS, GENUS,VTO ontology,is_a,PARENT-CHILD,2.0,10.19,JEFF corpus,both
 SPECIES,LUTIPINNIS,NOTROPIS, GENUS,VTO ontology,is_a,PARENT-CHILD,6.0,11.67,JEFF corpus,both
 SPECIES,CRYSOLEUCAS,NOTEMIGONUS, GENUS,VTO ontology,is_a,PARENT-CHILD,3.0,13.77,JEFF corpus,both
 SPECIES,PLUMBEUS,COUESIUS, GENUS,VTO ontology,is_a,PARENT-CHILD,5.0,13.99,JEFF corpus,both
 SPECIES,ATRARIA,GILA, GENUS,VTO ontology,is_a,PARENT-CHILD,1.0,11.41,JEFF corpus,both
 SPECIES,ROBUSTA,GILA, GENUS,VTO ontology,is_a,PARENT-CHILD,7.0,13.64,JEFF corpus,both
 SPECIES,MARGARITA,MARGARISCUS, GENUS,VTO ontology,is_a,PARENT-CHILD,3.0,13.99,JEFF corpus,both
 SPECIES,CAMPTACANTHUS,BARBUS, GENUS,VTO ontology,is_a,PARENT-CHILD,1.0,8.46,JEFF corpus,both
 SPECIES,HAASI,BARBUS, GENUS,VTO ontology,is_a,PARENT-CHILD,6.0,10.95,JEFF corpus,both
 SPECIES,BARBUS,BARBUS, GENUS,VTO ontology,is_a,PARENT-CHILD,59.0,13.61,JEFF corpus,both
 SPECIES,PETENYI,BARBUS, GENUS,VTO ontology,is_a,PARENT-CHILD,5.0,10.72,JEFF corpus,both
 SPECIES,CORNUTUS,LUXILUS, GENUS,VTO ontology,is_a,PARENT-CHILD,3.0,13.26,JEFF corpus,both
 SPECIES,CHRYSOCEPHALUS,LUXILUS, GENUS,VTO ontology,is_a,PARENT-CHILD,3.0,13.41,JEFF corpus,both
 SPECIES,ALBURNUS,ALBURNUS, GENUS,VTO ontology,is_a,PARENT-CHILD,28.0,13.92,JEFF corpus,both
 SPECIES,VIMBA,VIMBA, GENUS,VTO ontology,is_a,PARENT-CHILD,5.0,13.99,JEFF corpus,both
 SPECIES,EXILICAUDA,LAVINIA, GENUS,VTO ontology,is_a,PARENT-CHILD,1.0,13.99,JEFF corpus,both
 SPECIES,LUCIUS,PTYCHOCHEILUS, GENUS,VTO ontology,is_a,PARENT-CHILD,5.0,9.75,JEFF corpus,both
 SPECIES,OREGONENSIS,PTYCHOCHEILUS, GENUS,VTO ontology,is_a,PARENT-CHILD,1.0,11.67,JEFF corpus,both
 SPECIES,GRANDIS,PTYCHOCHEILUS, GENUS,VTO ontology,is_a,PARENT-CHILD,3.0,13.0,JEFF corpus,both
 SPECIES,ANGUILLICAUDATUS,MISGURNUS, GENUS,VTO ontology,is_a,PARENT-CHILD,14.0,13.85,JEFF corpus,both
 SPECIES,FOSSILIS,MISGURNUS, GENUS,VTO ontology,is_a,PARENT-CHILD,3.0,12.26,JEFF corpus,both
 SPECIES,PALUDICA,COBITIS, GENUS,VTO ontology,is_a,PARENT-CHILD,8.0,13.35,JEFF corpus,both
 SPECIES,TAENIA,COBITIS, GENUS,VTO ontology,is_a,PARENT-CHILD,7.0,13.16,JEFF corpus,both
 SPECIES,BARBATULA,BARBATULA, GENUS,VTO ontology,is_a,PARENT-CHILD,16.0,13.95,JEFF corpus,both
 FAMILY,CATOSTOMIDAE,CYPRINIFORMES, ORDER,VTO ontology,is_a,CHILD-PARENT,1.0,13.0,JEFF corpus,both
 SPECIES,VALENCIENNESI,MOXOSTOMA, GENUS,VTO ontology,is_a,PARENT-CHILD,6.0,13.19,JEFF corpus,both
 SPECIES,ERYTHRURUM,MOXOSTOMA, GENUS,VTO ontology,is_a,PARENT-CHILD,2.0,11.83,JEFF corpus,both
 SPECIES,MACROLEPIDOTUM,MOXOSTOMA, GENUS,VTO ontology,is_a,PARENT-CHILD,2.0,11.91,JEFF corpus,both
 SPECIES,CYPRINELLUS,ICTIOBUS, GENUS,VTO ontology,is_a,PARENT-CHILD,1.0,13.0,JEFF corpus,both
 SPECIES,BUBALUS,ICTIOBUS, GENUS,VTO ontology,is_a,PARENT-CHILD,2.0,13.67,JEFF corpus,both
 SPECIES,ELONGATUS,CYCLEPTUS, GENUS,VTO ontology,is_a,PARENT-CHILD,2.0,13.41,JEFF corpus,both
 SPECIES,INSIGNIS,CATOSTOMUS, GENUS,VTO ontology,is_a,PARENT-CHILD,1.0,9.5,JEFF corpus,both
 SPECIES,CATOSTOMUS,CATOSTOMUS, GENUS,VTO ontology,is_a,PARENT-CHILD,10.0,12.54,JEFF corpus,both
 SPECIES,MACROCHEILUS,CATOSTOMUS, GENUS,VTO ontology,is_a,PARENT-CHILD,3.0,11.03,JEFF corpus,both
 SPECIES,DISCOBOLUS,CATOSTOMUS, GENUS,VTO ontology,is_a,PARENT-CHILD,3.0,11.03,JEFF corpus,both
 SPECIES,COMMERSONII,CATOSTOMUS, GENUS,VTO ontology,is_a,PARENT-CHILD,10.0,12.54,JEFF corpus,both
 SPECIES,CLARKII,CATOSTOMUS, GENUS,VTO ontology,is_a,PARENT-CHILD,3.0,10.65,JEFF corpus,both
 SPECIES,LATIPINNIS,CATOSTOMUS, GENUS,VTO ontology,is_a,PARENT-CHILD,3.0,11.03,JEFF corpus,both
 SPECIES,VELIFER,CARPIODES, GENUS,VTO ontology,is_a,PARENT-CHILD,1.0,12.41,JEFF corpus,both
 SPECIES,CYPRINUS,CARPIODES, GENUS,VTO ontology,is_a,PARENT-CHILD,4.0,13.83,JEFF corpus,both
 SPECIES,TEXANUS,XYRAUCHEN, GENUS,VTO ontology,is_a,PARENT-CHILD,9.0,13.71,JEFF corpus,both
 SPECIES,TRIOSTEGUS,ACANTHURUS, GENUS,VTO ontology,is_a,PARENT-CHILD,1.0,13.99,JEFF corpus,both
 SPECIES,FLUVIATILIS,SALARIA, GENUS,VTO ontology,is_a,PARENT-CHILD,3.0,8.41,JEFF corpus,both
 SPECIES,JAPONICUS,LATEOLABRAX, GENUS,VTO ontology,is_a,CHILD-PARENT,1.0,10.54,JEFF corpus,both
 SPECIES,RUPESTRIS,KUHLIA, GENUS,VTO ontology,is_a,PARENT-CHILD,5.0,12.62,JEFF corpus,both
 SPECIES,FOSTERI,CHEIMARRICHTHYS, GENUS,VTO ontology,is_a,PARENT-CHILD,2.0,13.99,JEFF corpus,both
 FAMILY,PERCICHTHYIDAE,PERCIFORMES, ORDER,VTO ontology,is_a,PARENT-CHILD,2.0,12.83,JEFF corpus,both
 SPECIES,NOVEMACULEATA,MACQUARIA, GENUS,VTO ontology,is_a,PARENT-CHILD,2.0,10.79,JEFF corpus,both
 SPECIES,AMBIGUA,MACQUARIA, GENUS,VTO ontology,is_a,PARENT-CHILD,19.0,13.46,JEFF corpus,both
 SPECIES,AUSTRALASICA,MACQUARIA, GENUS,VTO ontology,is_a,PARENT-CHILD,13.0,13.12,JEFF corpus,both
 SPECIES,AUSTRALIS,NANNOPERCA, GENUS,VTO ontology,is_a,CHILD-PARENT,1.0,10.91,JEFF corpus,both
 SPECIES,TRUCHA,PERCICHTHYS, GENUS,VTO ontology,is_a,PARENT-CHILD,2.0,13.67,JEFF corpus,both
 SPECIES,MACQUARIENSIS,MACCULLOCHELLA, GENUS,VTO ontology,is_a,PARENT-CHILD,2.0,11.47,JEFF corpus,both
 SPECIES,PEELII,MACCULLOCHELLA, GENUS,VTO ontology,is_a,PARENT-CHILD,17.0,13.83,JEFF corpus,both
 SPECIES,IKEI,MACCULLOCHELLA, GENUS,VTO ontology,is_a,PARENT-CHILD,1.0,10.54,JEFF corpus,both
 SPECIES,CROSSOPTERUM,ETHEOSTOMA, GENUS,VTO ontology,is_a,PARENT-CHILD,1.0,8.18,JEFF corpus,both
 SPECIES,CHIENENSE,ETHEOSTOMA, GENUS,VTO ontology,is_a,PARENT-CHILD,1.0,8.18,JEFF corpus,both
 SPECIES,FLABELLARE,ETHEOSTOMA, GENUS,VTO ontology,is_a,PARENT-CHILD,17.0,12.06,JEFF corpus,both
 SPECIES,OKALOOSAE,ETHEOSTOMA, GENUS,VTO ontology,is_a,PARENT-CHILD,1.0,8.18,JEFF corpus,both
 SPECIES,NIGRUM,ETHEOSTOMA, GENUS,VTO ontology,is_a,PARENT-CHILD,17.0,12.08,JEFF corpus,both
 SPECIES,OLMSTEDI,ETHEOSTOMA, GENUS,VTO ontology,is_a,PARENT-CHILD,1.0,8.18,JEFF corpus,both
 SPECIES,CINEREUM,ETHEOSTOMA, GENUS,VTO ontology,is_a,PARENT-CHILD,14.0,11.83,JEFF corpus,both
 SPECIES,CAERULEUM,ETHEOSTOMA, GENUS,VTO ontology,is_a,PARENT-CHILD,9.0,11.25,JEFF corpus,both
 SPECIES,ASPRIGENE,ETHEOSTOMA, GENUS,VTO ontology,is_a,PARENT-CHILD,2.0,9.16,JEFF corpus,both
 SPECIES,EXILE,ETHEOSTOMA, GENUS,VTO ontology,is_a,PARENT-CHILD,5.0,10.45,JEFF corpus,both
 SPECIES,SPECTABILE,ETHEOSTOMA, GENUS,VTO ontology,is_a,PARENT-CHILD,19.0,12.2,JEFF corpus,both
 SPECIES,WHIPPLEI,ETHEOSTOMA, GENUS,VTO ontology,is_a,PARENT-CHILD,1.0,8.18,JEFF corpus,both
 SPECIES,MICROPERCA,ETHEOSTOMA, GENUS,VTO ontology,is_a,PARENT-CHILD,2.0,9.16,JEFF corpus,both
 SPECIES,CRAGINI,ETHEOSTOMA, GENUS,VTO ontology,is_a,PARENT-CHILD,2.0,9.16,JEFF corpus,both
 SPECIES,NIANGUAE,ETHEOSTOMA, GENUS,VTO ontology,is_a,PARENT-CHILD,3.0,9.72,JEFF corpus,both
 SPECIES,HISTRIO,ETHEOSTOMA, GENUS,VTO ontology,is_a,PARENT-CHILD,1.0,8.18,JEFF corpus,both
 SPECIES,BLENNIOIDES,ETHEOSTOMA, GENUS,VTO ontology,is_a,PARENT-CHILD,1.0,8.18,JEFF corpus,both
 SPECIES,RUBRUM,ETHEOSTOMA, GENUS,VTO ontology,is_a,PARENT-CHILD,2.0,9.16,JEFF corpus,both
 SPECIES,TETRAZONUM,ETHEOSTOMA, GENUS,VTO ontology,is_a,PARENT-CHILD,2.0,9.16,JEFF corpus,both
 SPECIES,ZONALE,ETHEOSTOMA, GENUS,VTO ontology,is_a,PARENT-CHILD,3.0,9.74,JEFF corpus,both
 SPECIES,LYNCEUM,ETHEOSTOMA, GENUS,VTO ontology,is_a,PARENT-CHILD,2.0,9.16,JEFF corpus,both
 SPECIES,BREVIROSTRUM,ETHEOSTOMA, GENUS,VTO ontology,is_a,PARENT-CHILD,1.0,8.18,JEFF corpus,both
 SPECIES,SIMOTERUM,ETHEOSTOMA, GENUS,VTO ontology,is_a,PARENT-CHILD,3.0,9.74,JEFF corpus,both
 SPECIES,TANASI,PERCINA, GENUS,VTO ontology,is_a,PARENT-CHILD,7.0,12.9,JEFF corpus,both
 SPECIES,CAPRODES,PERCINA, GENUS,VTO ontology,is_a,PARENT-CHILD,3.0,11.88,JEFF corpus,both
 SPECIES,PALMARIS,PERCINA, GENUS,VTO ontology,is_a,PARENT-CHILD,1.0,10.41,JEFF corpus,both
 SPECIES,EVIDES,PERCINA, GENUS,VTO ontology,is_a,PARENT-CHILD,1.0,10.41,JEFF corpus,both
 SPECIES,AUROLINEATA,PERCINA, GENUS,VTO ontology,is_a,PARENT-CHILD,8.0,13.04,JEFF corpus,both
 SPECIES,ROANOKA,PERCINA, GENUS,VTO ontology,is_a,PARENT-CHILD,1.0,10.41,JEFF corpus,both
 SPECIES,LUCIOPERCA,SANDER, GENUS,VTO ontology,is_a,PARENT-CHILD,24.0,12.44,JEFF corpus,both
 SPECIES,CANADENSIS,SANDER, GENUS,VTO ontology,is_a,PARENT-CHILD,4.0,10.6,JEFF corpus,both
 SPECIES,VITREUS,SANDER, GENUS,VTO ontology,is_a,PARENT-CHILD,36.0,13.48,JEFF corpus,both
 SPECIES,CERNUUS,GYMNOCEPHALUS, GENUS,VTO ontology,is_a,PARENT-CHILD,46.0,13.79,JEFF corpus,both
 GENUS,PERCA,PERCIDAE, FAMILY,VTO ontology,is_a,PARENT-CHILD,2.0,11.935,JEFF corpus,both
 SPECIES,FLAVESCENS,PERCA, GENUS,VTO ontology,is_a,PARENT-CHILD,53.0,12.27,JEFF corpus,both
 SPECIES,FLUVIATILIS,PERCA, GENUS,VTO ontology,is_a,PARENT-CHILD,230.0,13.66,JEFF corpus,both
 FAMILY,SPARIDAE,PERCIFORMES, ORDER,VTO ontology,is_a,PARENT-CHILD,1.0,12.19,JEFF corpus,both
 SPECIES,AURATA,SPARUS, GENUS,VTO ontology,is_a,CHILD-PARENT,4.0,13.99,JEFF corpus,both
 SPECIES,BUTCHERI,ACANTHOPAGRUS, GENUS,VTO ontology,is_a,PARENT-CHILD,3.0,13.77,JEFF corpus,both
 SPECIES,LABRAX,DICENTRARCHUS, GENUS,VTO ontology,is_a,PARENT-CHILD,4.0,13.99,JEFF corpus,both
 GENUS,MORONE,MORONIDAE, FAMILY,VTO ontology,is_a,CHILD-PARENT,3.0,13.26,JEFF corpus,both
 SPECIES,SAXATILIS,MORONE, GENUS,VTO ontology,is_a,PARENT-CHILD,21.0,13.86,JEFF corpus,both
 SPECIES,MISSISSIPPIENSIS,MORONE, GENUS,VTO ontology,is_a,PARENT-CHILD,3.0,11.77,JEFF corpus,both
 SPECIES,DOLOMIEU,MICROPTERUS, GENUS,VTO ontology,is_a,PARENT-CHILD,36.0,13.77,JEFF corpus,both
 SPECIES,PUNCTULATUS,MICROPTERUS, GENUS,VTO ontology,is_a,PARENT-CHILD,2.0,10.35,JEFF corpus,both
 SPECIES,NIGROMACULATUS,POMOXIS, GENUS,VTO ontology,is_a,PARENT-CHILD,11.0,13.41,JEFF corpus,both
 SPECIES,ANNULARIS,POMOXIS, GENUS,VTO ontology,is_a,PARENT-CHILD,9.0,13.17,JEFF corpus,both
 SPECIES,CYANELLUS,LEPOMIS, GENUS,VTO ontology,is_a,PARENT-CHILD,14.0,11.47,JEFF corpus,both
 SPECIES,HUMILIS,LEPOMIS, GENUS,VTO ontology,is_a,PARENT-CHILD,1.0,7.8,JEFF corpus,both
 SPECIES,MACROCHIRUS,LEPOMIS, GENUS,VTO ontology,is_a,PARENT-CHILD,56.0,13.14,JEFF corpus,both
 SPECIES,MARGINATUS,LEPOMIS, GENUS,VTO ontology,is_a,PARENT-CHILD,4.0,9.76,JEFF corpus,both
 SPECIES,GIBBOSUS,LEPOMIS, GENUS,VTO ontology,is_a,PARENT-CHILD,60.0,13.18,JEFF corpus,both
 SPECIES,MICROLOPHUS,LEPOMIS, GENUS,VTO ontology,is_a,PARENT-CHILD,2.0,8.79,JEFF corpus,both
 SPECIES,RUPESTRIS,AMBLOPLITES, GENUS,VTO ontology,is_a,PARENT-CHILD,15.0,13.69,JEFF corpus,both
 SPECIES,PERCOIDES,AMNIATABA, GENUS,VTO ontology,is_a,PARENT-CHILD,2.0,13.99,JEFF corpus,both
 SPECIES,FULIGINOSUS,HEPHAESTUS, GENUS,VTO ontology,is_a,PARENT-CHILD,4.0,13.99,JEFF corpus,both
 SPECIES,BUTLERI,SYNCOMISTES, GENUS,VTO ontology,is_a,PARENT-CHILD,1.0,13.99,JEFF corpus,both
 SPECIES,SCRIBA,SERRANUS, GENUS,VTO ontology,is_a,PARENT-CHILD,2.0,13.99,JEFF corpus,both
 SPECIES,OCELLATUS,SCIAENOPS, GENUS,VTO ontology,is_a,PARENT-CHILD,2.0,13.41,JEFF corpus,both
 SPECIES,ELONGATUS,PSEUDOTOLITHUS, GENUS,VTO ontology,is_a,CHILD-PARENT,1.0,12.68,JEFF corpus,both
 SPECIES,GRUNNIENS,APLODINOTUS, GENUS,VTO ontology,is_a,PARENT-CHILD,6.0,13.77,JEFF corpus,both
 SPECIES,GRISEUS,LUTJANUS, GENUS,VTO ontology,is_a,PARENT-CHILD,3.0,13.77,JEFF corpus,both
 FAMILY,CICHLIDAE,PERCIFORMES, ORDER,VTO ontology,is_a,PARENT-CHILD,1.0,11.99,JEFF corpus,both
 SPECIES,NYEREREI,PUNDAMILIA, GENUS,VTO ontology,is_a,PARENT-CHILD,5.0,13.32,JEFF corpus,both
 SPECIES,RENDALLI,TILAPIA, GENUS,VTO ontology,is_a,PARENT-CHILD,2.0,11.91,JEFF corpus,both
 SPECIES,MARIAE,TILAPIA, GENUS,VTO ontology,is_a,PARENT-CHILD,1.0,11.09,JEFF corpus,both
 SPECIES,THOLLONI,TILAPIA, GENUS,VTO ontology,is_a,PARENT-CHILD,2.0,11.83,JEFF corpus,both
 SPECIES,GUINEENSIS,TILAPIA, GENUS,VTO ontology,is_a,PARENT-CHILD,5.0,13.07,JEFF corpus,both
 SPECIES,PULCHER,NEOLAMPROLOGUS, GENUS,VTO ontology,is_a,PARENT-CHILD,1.0,13.99,JEFF corpus,both
 SPECIES,MACULATUS,ETROPLUS, GENUS,VTO ontology,is_a,CHILD-PARENT,1.0,9.27,JEFF corpus,both
 SPECIES,BIFASCIATUM,THALASSOMA, GENUS,VTO ontology,is_a,PARENT-CHILD,3.0,13.99,JEFF corpus,both
 SPECIES,ATTITI,PROTOGOBIUS, GENUS,VTO ontology,is_a,PARENT-CHILD,1.0,13.99,JEFF corpus,both
 SPECIES,BREVICEPS,GOBIOMORPHUS, GENUS,VTO ontology,is_a,PARENT-CHILD,1.0,10.91,JEFF corpus,both
 SPECIES,HUTTONI,GOBIOMORPHUS, GENUS,VTO ontology,is_a,PARENT-CHILD,3.0,12.33,JEFF corpus,both
 SPECIES,COTIDIANUS,GOBIOMORPHUS, GENUS,VTO ontology,is_a,PARENT-CHILD,12.0,13.72,JEFF corpus,both
 SPECIES,DORMITOR,GOBIOMORUS, GENUS,VTO ontology,is_a,PARENT-CHILD,2.0,13.99,JEFF corpus,both
 FAMILY,GOBIIDAE,PERCIFORMES, ORDER,VTO ontology,is_a,PARENT-CHILD,1.0,11.83,JEFF corpus,both
 SPECIES,PUNCTATUM,SICYDIUM, GENUS,VTO ontology,is_a,PARENT-CHILD,16.0,13.67,JEFF corpus,both
 SPECIES,PLUMIERI,SICYDIUM, GENUS,VTO ontology,is_a,PARENT-CHILD,1.0,10.3,JEFF corpus,both
 SPECIES,PERCNOPTERYGIONUS,STIPHODON, GENUS,VTO ontology,is_a,PARENT-CHILD,4.0,13.99,JEFF corpus,both
 SPECIES,SARASINI,SICYOPTERUS, GENUS,VTO ontology,is_a,PARENT-CHILD,2.0,9.52,JEFF corpus,both
 SPECIES,JAPONICUS,SICYOPTERUS, GENUS,VTO ontology,is_a,PARENT-CHILD,20.0,12.57,JEFF corpus,both
 SPECIES,STIMPSONI,SICYOPTERUS, GENUS,VTO ontology,is_a,PARENT-CHILD,4.0,10.49,JEFF corpus,both
 SPECIES,AIENSIS,SICYOPTERUS, GENUS,VTO ontology,is_a,PARENT-CHILD,3.0,10.09,JEFF corpus,both
 SPECIES,LAGOCEPHALUS,SICYOPTERUS, GENUS,VTO ontology,is_a,PARENT-CHILD,57.0,13.65,JEFF corpus,both
 SPECIES,ACUTIPINNIS,COTYLOPUS, GENUS,VTO ontology,is_a,PARENT-CHILD,6.0,13.99,JEFF corpus,both
 SPECIES,CONCOLOR,LENTIPES, GENUS,VTO ontology,is_a,PARENT-CHILD,8.0,13.99,JEFF corpus,both
 SPECIES,FLAVESCENS,GOBIUSCULUS, GENUS,VTO ontology,is_a,CHILD-PARENT,4.0,11.04,JEFF corpus,both
 SPECIES,AUREUS,GLOSSOGOBIUS, GENUS,VTO ontology,is_a,PARENT-CHILD,2.0,13.99,JEFF corpus,both
 SPECIES,MINUTUS,POMATOSCHISTUS, GENUS,VTO ontology,is_a,PARENT-CHILD,6.0,13.88,JEFF corpus,both
 SPECIES,OLORUM,PSEUDOGOBIUS, GENUS,VTO ontology,is_a,PARENT-CHILD,6.0,13.99,JEFF corpus,both
 SPECIES,GENIVITTATUS,STENOGOBIUS, GENUS,VTO ontology,is_a,PARENT-CHILD,1.0,13.99,JEFF corpus,both
 SPECIES,BREVISPINIS,TRIDENTIGER, GENUS,VTO ontology,is_a,PARENT-CHILD,4.0,13.99,JEFF corpus,both
 SPECIES,GIURINUS,RHINOGOBIUS, GENUS,VTO ontology,is_a,PARENT-CHILD,11.0,13.03,JEFF corpus,both
 SPECIES,BRUNNEUS,RHINOGOBIUS, GENUS,VTO ontology,is_a,PARENT-CHILD,12.0,13.12,JEFF corpus,both
 SPECIES,FLUVIATILIS,NEOGOBIUS, GENUS,VTO ontology,is_a,PARENT-CHILD,6.0,9.07,JEFF corpus,both
 SPECIES,MELANOSTOMUS,NEOGOBIUS, GENUS,VTO ontology,is_a,PARENT-CHILD,67.0,13.84,JEFF corpus,both
 SPECIES,GYMNOTRACHELUS,NEOGOBIUS, GENUS,VTO ontology,is_a,PARENT-CHILD,3.0,10.22,JEFF corpus,both
 SPECIES,SEMILUNARIS,PROTERORHINUS, GENUS,VTO ontology,is_a,PARENT-CHILD,7.0,13.64,JEFF corpus,both
 SPECIES,MARMORATUS,PROTERORHINUS, GENUS,VTO ontology,is_a,PARENT-CHILD,3.0,10.8,JEFF corpus,both
 SPECIES,ARMATUS,LEPTOCOTTUS, GENUS,VTO ontology,is_a,PARENT-CHILD,2.0,13.99,JEFF corpus,both
 SPECIES,SCORPIUS,MYOXOCEPHALUS, GENUS,VTO ontology,is_a,PARENT-CHILD,1.0,12.19,JEFF corpus,both
 SPECIES,THOMPSONII,MYOXOCEPHALUS, GENUS,VTO ontology,is_a,PARENT-CHILD,4.0,13.67,JEFF corpus,both
 SPECIES,HYPSELURUS,COTTUS, GENUS,VTO ontology,is_a,PARENT-CHILD,3.0,9.2,JEFF corpus,both
 SPECIES,POLLUX,COTTUS, GENUS,VTO ontology,is_a,PARENT-CHILD,2.0,8.62,JEFF corpus,both
 SPECIES,COGNATUS,COTTUS, GENUS,VTO ontology,is_a,PARENT-CHILD,20.0,11.78,JEFF corpus,both
 SPECIES,CAROLINAE,COTTUS, GENUS,VTO ontology,is_a,PARENT-CHILD,8.0,10.56,JEFF corpus,both
 SPECIES,BAIRDII,COTTUS, GENUS,VTO ontology,is_a,PARENT-CHILD,9.0,10.73,JEFF corpus,both
 SPECIES,HANGIONGENSIS,COTTUS, GENUS,VTO ontology,is_a,PARENT-CHILD,5.0,9.91,JEFF corpus,both
 SPECIES,ASPER,COTTUS, GENUS,VTO ontology,is_a,PARENT-CHILD,3.0,9.18,JEFF corpus,both
 SPECIES,ASPERRIMUS,COTTUS, GENUS,VTO ontology,is_a,PARENT-CHILD,1.0,7.63,JEFF corpus,both
 SPECIES,PAULUS,COTTUS, GENUS,VTO ontology,is_a,PARENT-CHILD,6.0,10.17,JEFF corpus,both
 SPECIES,POECILOPUS,COTTUS, GENUS,VTO ontology,is_a,PARENT-CHILD,2.0,8.62,JEFF corpus,both
 SPECIES,GULOSUS,COTTUS, GENUS,VTO ontology,is_a,PARENT-CHILD,2.0,8.6,JEFF corpus,both
 SPECIES,NOZAWAE,COTTUS, GENUS,VTO ontology,is_a,PARENT-CHILD,2.0,8.62,JEFF corpus,both
 SPECIES,PERIFRETUM,COTTUS, GENUS,VTO ontology,is_a,PARENT-CHILD,1.0,7.63,JEFF corpus,both
 SPECIES,RICEI,COTTUS, GENUS,VTO ontology,is_a,PARENT-CHILD,1.0,7.63,JEFF corpus,both
 SPECIES,GOBIO,COTTUS, GENUS,VTO ontology,is_a,PARENT-CHILD,73.0,13.13,JEFF corpus,both
 SPECIES,FLAVIDUS,SEBASTES, GENUS,VTO ontology,is_a,PARENT-CHILD,1.0,13.99,JEFF corpus,both
 SPECIES,ACULEATUS,GASTEROSTEUS, GENUS,VTO ontology,is_a,PARENT-CHILD,99.0,13.94,JEFF corpus,both
 SPECIES,PUNGITIUS,PUNGITIUS, GENUS,VTO ontology,is_a,PARENT-CHILD,41.0,13.86,JEFF corpus,both
 SPECIES,CEPHALUS,MUGIL, GENUS,VTO ontology,is_a,PARENT-CHILD,6.0,11.5,JEFF corpus,both
 SPECIES,HETEROCLITUS,FUNDULUS, GENUS,VTO ontology,is_a,PARENT-CHILD,9.0,12.49,JEFF corpus,both
 SPECIES,ZEBRINUS,FUNDULUS, GENUS,VTO ontology,is_a,PARENT-CHILD,2.0,10.54,JEFF corpus,both
 SPECIES,ZEBRINUS,FUNDULUS, GENUS,VTO ontology,is_a,PARENT-CHILD,2.0,10.54,JEFF corpus,both
 SPECIES,OLIVACEUS,FUNDULUS, GENUS,VTO ontology,is_a,PARENT-CHILD,11.0,12.73,JEFF corpus,both
 SPECIES,NOTATUS,FUNDULUS, GENUS,VTO ontology,is_a,PARENT-CHILD,15.0,12.77,JEFF corpus,both
 SPECIES,SCIADICUS,FUNDULUS, GENUS,VTO ontology,is_a,PARENT-CHILD,2.0,10.54,JEFF corpus,both
 SPECIES,DIAPHANUS,FUNDULUS, GENUS,VTO ontology,is_a,PARENT-CHILD,1.0,9.57,JEFF corpus,both
 SPECIES,OCCIDENTALIS,POECILIOPSIS, GENUS,VTO ontology,is_a,PARENT-CHILD,1.0,13.0,JEFF corpus,both
 SPECIES,AFFINIS,GAMBUSIA, GENUS,VTO ontology,is_a,PARENT-CHILD,40.0,13.23,JEFF corpus,both
 SPECIES,GEISERI,GAMBUSIA, GENUS,VTO ontology,is_a,PARENT-CHILD,1.0,8.47,JEFF corpus,both
 SPECIES,RETICULATA,POECILIA, GENUS,VTO ontology,is_a,PARENT-CHILD,22.0,13.67,JEFF corpus,both
 SPECIES,FORMOSA,POECILIA, GENUS,VTO ontology,is_a,PARENT-CHILD,1.0,10.0,JEFF corpus,both
 SPECIES,LATIPINNA,POECILIA, GENUS,VTO ontology,is_a,PARENT-CHILD,6.0,12.38,JEFF corpus,both
 SPECIES,SULPHURARIA,POECILIA, GENUS,VTO ontology,is_a,PARENT-CHILD,1.0,10.0,JEFF corpus,both
 SPECIES,RHABDOPHORA,BRACHYRHAPHIS, GENUS,VTO ontology,is_a,PARENT-CHILD,1.0,13.99,JEFF corpus,both
 SPECIES,NEVADENSIS,CYPRINODON, GENUS,VTO ontology,is_a,PARENT-CHILD,1.0,11.41,JEFF corpus,both
 SPECIES,TULAROSA,CYPRINODON, GENUS,VTO ontology,is_a,PARENT-CHILD,3.0,12.77,JEFF corpus,both
 SPECIES,RUBROFLUVIATILIS,CYPRINODON, GENUS,VTO ontology,is_a,PARENT-CHILD,3.0,12.77,JEFF corpus,both
 SPECIES,PECOSENSIS,CYPRINODON, GENUS,VTO ontology,is_a,PARENT-CHILD,1.0,11.41,JEFF corpus,both
 SPECIES,MACULARIUS,CYPRINODON, GENUS,VTO ontology,is_a,PARENT-CHILD,3.0,12.77,JEFF corpus,both
 SPECIES,SINENSIS,ORYZIAS, GENUS,VTO ontology,is_a,CHILD-PARENT,1.0,13.99,JEFF corpus,both
 SPECIES,FLUVIATILIS,MELANOTAENIA, GENUS,VTO ontology,is_a,CHILD-PARENT,3.0,8.38,JEFF corpus,both
 SPECIES,AUSTRALIS,MELANOTAENIA, GENUS,VTO ontology,is_a,CHILD-PARENT,2.0,11.54,JEFF corpus,both
 SPECIES,SICCULUS,LABIDESTHES, GENUS,VTO ontology,is_a,PARENT-CHILD,1.0,13.41,JEFF corpus,both
 SPECIES,MENIDIA,MENIDIA, GENUS,VTO ontology,is_a,PARENT-CHILD,9.0,13.64,JEFF corpus,both
 SPECIES,BERYLLINA,MENIDIA, GENUS,VTO ontology,is_a,PARENT-CHILD,5.0,13.0,JEFF corpus,both
 SPECIES,STRAMINEUS,CRATEROCEPHALUS, GENUS,VTO ontology,is_a,CHILD-PARENT,1.0,10.41,JEFF corpus,both
 SPECIES,FLUVIATILIS,CRATEROCEPHALUS, GENUS,VTO ontology,is_a,CHILD-PARENT,6.0,9.35,JEFF corpus,both
 SPECIES,BOYERI,ATHERINA, GENUS,VTO ontology,is_a,PARENT-CHILD,1.0,13.99,JEFF corpus,both
 SPECIES,PLATESSA,PLEURONECTES, GENUS,VTO ontology,is_a,PARENT-CHILD,2.0,13.99,JEFF corpus,both
 SPECIES,FLESUS,PLATICHTHYS, GENUS,VTO ontology,is_a,PARENT-CHILD,4.0,13.83,JEFF corpus,both
 SPECIES,LIMANDA,LIMANDA, GENUS,VTO ontology,is_a,PARENT-CHILD,2.0,13.99,JEFF corpus,both
 SPECIES,AMERICANUS,PSEUDOPLEURONECTES, GENUS,VTO ontology,is_a,CHILD-PARENT,2.0,13.41,JEFF corpus,both
 SPECIES,SOLEA,SOLEA, GENUS,VTO ontology,is_a,PARENT-CHILD,6.0,13.99,JEFF corpus,both
 SPECIES,MORHUA,GADUS, GENUS,VTO ontology,is_a,PARENT-CHILD,30.0,13.97,JEFF corpus,both
 SPECIES,LOTA,LOTA, GENUS,VTO ontology,is_a,PARENT-CHILD,55.0,11.56,JEFF corpus,both
 SPECIES,MERLUCCIUS,MERLUCCIUS, GENUS,VTO ontology,is_a,PARENT-CHILD,2.0,13.99,JEFF corpus,both
 SPECIES,SAYANUS,APHREDODERUS, GENUS,VTO ontology,is_a,PARENT-CHILD,1.0,13.99,JEFF corpus,both
 SPECIES,NOTATUS,PORICHTHYS, GENUS,VTO ontology,is_a,CHILD-PARENT,2.0,11.09,JEFF corpus,both
 SPECIES,LUCIUS,ESOX, GENUS,VTO ontology,is_a,PARENT-CHILD,179.0,11.995,JEFF corpus,both
 SPECIES,AMERICANUS,ESOX, GENUS,VTO ontology,is_a,PARENT-CHILD,1.0,7.34,JEFF corpus,both
 SPECIES,MASQUINONGY,ESOX, GENUS,VTO ontology,is_a,PARENT-CHILD,3.0,8.94,JEFF corpus,both
 SPECIES,LIMI,UMBRA, GENUS,VTO ontology,is_a,PARENT-CHILD,6.0,13.77,JEFF corpus,both
 SPECIES,KRAMERI,UMBRA, GENUS,VTO ontology,is_a,PARENT-CHILD,2.0,12.68,JEFF corpus,both
 SPECIES,WILLIAMSONI,PROSOPIUM, GENUS,VTO ontology,is_a,PARENT-CHILD,10.0,13.86,JEFF corpus,both
 SPECIES,CYLINDRACEUM,PROSOPIUM, GENUS,VTO ontology,is_a,PARENT-CHILD,1.0,11.41,JEFF corpus,both
 SPECIES,LAVARETUS,COREGONUS, GENUS,VTO ontology,is_a,PARENT-CHILD,95.0,13.01,JEFF corpus,both
 SPECIES,ZENITHICUS,COREGONUS, GENUS,VTO ontology,is_a,PARENT-CHILD,6.0,9.42,JEFF corpus,both
 SPECIES,ARTEDI,COREGONUS, GENUS,VTO ontology,is_a,PARENT-CHILD,10.0,10.13,JEFF corpus,both
 SPECIES,ALBULA,COREGONUS, GENUS,VTO ontology,is_a,PARENT-CHILD,94.0,13.01,JEFF corpus,both
 SPECIES,CLUPEAFORMIS,COREGONUS, GENUS,VTO ontology,is_a,PARENT-CHILD,17.0,10.87,JEFF corpus,both
 SPECIES,HOYI,COREGONUS, GENUS,VTO ontology,is_a,PARENT-CHILD,8.0,9.82,JEFF corpus,both
 SPECIES,KIYI,COREGONUS, GENUS,VTO ontology,is_a,PARENT-CHILD,1.0,6.86,JEFF corpus,both
 SPECIES,SARDINELLA,COREGONUS, GENUS,VTO ontology,is_a,PARENT-CHILD,11.0,10.27,JEFF corpus,both
 SPECIES,FONTANAE,COREGONUS, GENUS,VTO ontology,is_a,PARENT-CHILD,3.0,8.44,JEFF corpus,both
 SPECIES,PIDSCHIAN,COREGONUS, GENUS,VTO ontology,is_a,PARENT-CHILD,6.0,9.42,JEFF corpus,both
 SPECIES,NASUS,COREGONUS, GENUS,VTO ontology,is_a,PARENT-CHILD,13.0,10.39,JEFF corpus,both
 SPECIES,LEUCICHTHYS,STENODUS, GENUS,VTO ontology,is_a,PARENT-CHILD,1.0,13.99,JEFF corpus,both
 SPECIES,TRUTTA,SALMO, GENUS,VTO ontology,is_a,PARENT-CHILD,695.0,13.36,JEFF corpus,both
 SPECIES,MARMORATUS,SALMO, GENUS,VTO ontology,is_a,PARENT-CHILD,40.0,9.78,JEFF corpus,both
 SPECIES,SALAR,SALMO, GENUS,VTO ontology,is_a,PARENT-CHILD,615.0,13.25,JEFF corpus,both
 GENUS,SALVELINUS,SALMONIDAE, FAMILY,VTO ontology,is_a,PARENT-CHILD,1.0,10.82,JEFF corpus,both
 SPECIES,NAMAYCUSH,SALVELINUS, GENUS,VTO ontology,is_a,PARENT-CHILD,69.0,11.23,JEFF corpus,both
 SPECIES,LEUCOMAENIS,SALVELINUS, GENUS,VTO ontology,is_a,PARENT-CHILD,4.0,7.23,JEFF corpus,both
 SPECIES,CONFLUENTUS,SALVELINUS, GENUS,VTO ontology,is_a,PARENT-CHILD,96.0,11.67,JEFF corpus,both
 SPECIES,ALPINUS,SALVELINUS, GENUS,VTO ontology,is_a,PARENT-CHILD,485.0,13.51,JEFF corpus,both
 SPECIES,MALMA,SALVELINUS, GENUS,VTO ontology,is_a,PARENT-CHILD,39.0,10.46,JEFF corpus,both
 SPECIES,FONTINALIS,SALVELINUS, GENUS,VTO ontology,is_a,PARENT-CHILD,163.0,12.33,JEFF corpus,both
 SPECIES,CLARKII,ONCORHYNCHUS, GENUS,VTO ontology,is_a,PARENT-CHILD,5.0,8.0,JEFF corpus,both
 SPECIES,TSHAWYTSCHA,ONCORHYNCHUS, GENUS,VTO ontology,is_a,PARENT-CHILD,101.0,12.15,JEFF corpus,both
 SPECIES,KETA,ONCORHYNCHUS, GENUS,VTO ontology,is_a,PARENT-CHILD,14.0,9.49,JEFF corpus,both
 SPECIES,KISUTCH,ONCORHYNCHUS, GENUS,VTO ontology,is_a,PARENT-CHILD,138.0,12.52,JEFF corpus,both
 SPECIES,GORBUSCHA,ONCORHYNCHUS, GENUS,VTO ontology,is_a,PARENT-CHILD,15.0,9.58,JEFF corpus,both
 SPECIES,MYKISS,ONCORHYNCHUS, GENUS,VTO ontology,is_a,PARENT-CHILD,212.0,12.99,JEFF corpus,both
 SPECIES,NERKA,ONCORHYNCHUS, GENUS,VTO ontology,is_a,PARENT-CHILD,105.0,12.2,JEFF corpus,both
 SPECIES,MASOU,ONCORHYNCHUS, GENUS,VTO ontology,is_a,CHILD-PARENT,1.0,5.72,JEFF corpus,both
 GENUS,THYMALLUS,SALMONIDAE, FAMILY,VTO ontology,is_a,PARENT-CHILD,4.0,12.75,JEFF corpus,both
 SPECIES,ARCTICUS,THYMALLUS, GENUS,VTO ontology,is_a,PARENT-CHILD,34.0,12.96,JEFF corpus,both
 SPECIES,THYMALLUS,THYMALLUS, GENUS,VTO ontology,is_a,PARENT-CHILD,67.0,13.61,JEFF corpus,both
 SPECIES,ALTIVELIS,PLECOGLOSSUS, GENUS,VTO ontology,is_a,CHILD-PARENT,14.0,13.99,JEFF corpus,both
 SPECIES,VILLOSUS,MALLOTUS, GENUS,VTO ontology,is_a,PARENT-CHILD,2.0,13.99,JEFF corpus,both
 SPECIES,MORDAX,OSMERUS, GENUS,VTO ontology,is_a,PARENT-CHILD,16.0,13.14,JEFF corpus,both
 SPECIES,EPERLANUS,OSMERUS, GENUS,VTO ontology,is_a,PARENT-CHILD,20.0,13.51,JEFF corpus,both
 SPECIES,MACULATUS,GALAXIAS, GENUS,VTO ontology,is_a,PARENT-CHILD,38.0,13.45,JEFF corpus,both
 SPECIES,FASCIATUS,GALAXIAS, GENUS,VTO ontology,is_a,PARENT-CHILD,12.0,12.35,JEFF corpus,both
 SPECIES,ARGENTEUS,GALAXIAS, GENUS,VTO ontology,is_a,PARENT-CHILD,5.0,11.32,JEFF corpus,both
 SPECIES,OLIDUS,GALAXIAS, GENUS,VTO ontology,is_a,PARENT-CHILD,2.0,10.04,JEFF corpus,both
 SPECIES,PAUCISPONDYLUS,GALAXIAS, GENUS,VTO ontology,is_a,PARENT-CHILD,1.0,9.09,JEFF corpus,both
 SPECIES,OCCIDENTALIS,GALAXIAS, GENUS,VTO ontology,is_a,PARENT-CHILD,1.0,9.04,JEFF corpus,both
 SPECIES,DIVERSUS,NEOCHANNA, GENUS,VTO ontology,is_a,PARENT-CHILD,3.0,13.99,JEFF corpus,both
 SPECIES,STURIO,ACIPENSER, GENUS,VTO ontology,is_a,PARENT-CHILD,1.0,11.3,JEFF corpus,both
 SPECIES,RUTHENUS,ACIPENSER, GENUS,VTO ontology,is_a,PARENT-CHILD,2.0,12.19,JEFF corpus,both
 SPECIES,TRANSMONTANUS,ACIPENSER, GENUS,VTO ontology,is_a,PARENT-CHILD,5.0,13.23,JEFF corpus,both
 SPECIES,BAERII,ACIPENSER, GENUS,VTO ontology,is_a,PARENT-CHILD,1.0,11.3,JEFF corpus,both
 SPECIES,FULVESCENS,ACIPENSER, GENUS,VTO ontology,is_a,PARENT-CHILD,3.0,12.68,JEFF corpus,both
 SPECIES,GAGEI,ICHTHYOMYZON, GENUS,VTO ontology,is_a,PARENT-CHILD,1.0,13.0,JEFF corpus,both
 SPECIES,FOSSOR,ICHTHYOMYZON, GENUS,VTO ontology,is_a,PARENT-CHILD,1.0,13.41,JEFF corpus,both
 SPECIES,MARINUS,PETROMYZON, GENUS,VTO ontology,is_a,PARENT-CHILD,30.0,13.91,JEFF corpus,both
 SPECIES,TRIDENTATA,LAMPETRA, GENUS,VTO ontology,is_a,PARENT-CHILD,17.0,12.57,JEFF corpus,both
 SPECIES,AEPYPTERA,LAMPETRA, GENUS,VTO ontology,is_a,PARENT-CHILD,1.0,8.76,JEFF corpus,both
 SPECIES,RICHARDSONI,LAMPETRA, GENUS,VTO ontology,is_a,PARENT-CHILD,2.0,9.75,JEFF corpus,both
 SPECIES,FLUVIATILIS,LAMPETRA, GENUS,VTO ontology,is_a,PARENT-CHILD,25.0,11.15,JEFF corpus,both
 SPECIES,PLANERI,LAMPETRA, GENUS,VTO ontology,is_a,PARENT-CHILD,24.0,12.97,JEFF corpus,both
 SPECIES,REISSNERI,LETHENTERON, GENUS,VTO ontology,is_a,PARENT-CHILD,6.0,13.58,JEFF corpus,both
 SPECIES,CAMTSCHATICUM,LETHENTERON, GENUS,VTO ontology,is_a,PARENT-CHILD,2.0,12.54,JEFF corpus,both
 SPECIES,CAMTSCHATICUM,LETHENTERON, GENUS,VTO ontology,is_a,PARENT-CHILD,2.0,12.54,JEFF corpus,both
 SPECIES,UBIDIAI,ASTROBLEPUS, GENUS,VTO ontology,is_a,PARENT-CHILD,1.0,13.99,JEFF corpus,both
 SPECIES,GRACILIS,PIMELODELLA, GENUS,VTO ontology,is_a,PARENT-CHILD,1.0,13.0,JEFF corpus,both
 SPECIES,LONGIROSTRIS,AMPHILIUS, GENUS,VTO ontology,is_a,CHILD-PARENT,1.0,13.0,JEFF corpus,both
 SPECIES,LITHOPHILUS,SILURUS, GENUS,VTO ontology,is_a,PARENT-CHILD,1.0,10.47,JEFF corpus,both
 SPECIES,CEPHALUS,LEUCISCUS, GENUS,VTO ontology,is_a,PARENT-CHILD,37.0,13.15,JEFF corpus,both
 SPECIES,INTERMEDIA,GILA, GENUS,VTO ontology,is_a,PARENT-CHILD,1.0,11.0,JEFF corpus,both
 SPECIES,BRAZZAI,BARBUS, GENUS,VTO ontology,is_a,PARENT-CHILD,1.0,8.46,JEFF corpus,both
 SPECIES,NEOGAEUS,PHOXINUS, GENUS,VTO ontology,is_a,PARENT-CHILD,6.0,11.52,JEFF corpus,both
 SPECIES,BJOERKNA,ABRAMIS, GENUS,VTO ontology,is_a,PARENT-CHILD,8.0,11.5,JEFF corpus,both
 SPECIES,POLYLEPIS,PSEUDOCHONDROSTOMA, GENUS,VTO ontology,is_a,CHILD-PARENT,2.0,12.83,JEFF corpus,both
 SPECIES,DORSALIS,NOTROPIS, GENUS,VTO ontology,is_a,PARENT-CHILD,1.0,9.21,JEFF corpus,both
 SPECIES,BUCCULA,NOTROPIS, GENUS,VTO ontology,is_a,PARENT-CHILD,4.0,11.14,JEFF corpus,both
 SPECIES,MACULATUS,METYNNIS, GENUS,VTO ontology,is_a,PARENT-CHILD,3.0,10.8,JEFF corpus,both
 SPECIES,ALTISPINIS,SERRASALMUS, GENUS,VTO ontology,is_a,PARENT-CHILD,1.0,13.41,JEFF corpus,both
 SPECIES,AFFINIS,ROEBOIDES, GENUS,VTO ontology,is_a,PARENT-CHILD,1.0,9.44,JEFF corpus,both
 SPECIES,GYMNURUS,GASTEROSTEUS, GENUS,VTO ontology,is_a,PARENT-CHILD,1.0,8.27,JEFF corpus,both
 SPECIES,GULOSUS,LEPOMIS, GENUS,VTO ontology,is_a,PARENT-CHILD,2.0,8.76,JEFF corpus,both
 SPECIES,LONGIROSTRIS,PARANANOCHROMIS, GENUS,VTO ontology,is_a,CHILD-PARENT,1.0,12.41,JEFF corpus,both
 SPECIES,GOREENSIS,LUTJANUS, GENUS,VTO ontology,is_a,PARENT-CHILD,1.0,12.68,JEFF corpus,both
 SPECIES,AURATUS,PAGRUS, GENUS,VTO ontology,is_a,CHILD-PARENT,4.0,11.83,JEFF corpus,both
 SPECIES,KESSLERI,NEOGOBIUS, GENUS,VTO ontology,is_a,PARENT-CHILD,3.0,10.22,JEFF corpus,both
 SPECIES,CLIFFORDPOPEI,RHINOGOBIUS, GENUS,VTO ontology,is_a,PARENT-CHILD,9.0,12.81,JEFF corpus,both
 SPECIES,UMBLA,SALVELINUS, GENUS,VTO ontology,is_a,PARENT-CHILD,2.0,6.23,JEFF corpus,both
 SPECIES,VISON,MUSTELA, GENUS,VTO ontology,is_a,PARENT-CHILD,5.0,13.86,JEFF corpus,both
 SPECIES,REISSNERI,LAMPETRA, GENUS,VTO ontology,is_a,PARENT-CHILD,1.0,8.65,JEFF corpus,both
,BALLERUS,ABRAMIS,,,,PARENT-CHILD,1.0,8.96,JEFF corpus,right_only
,HRAMA,ABRAMIS,,,,PARENT-CHILD,1.0,8.98,JEFF corpus,right_only
,SCHLEGELI,ACANTHOPAGRUS,,,,PARENT-CHILD,1.0,12.68,JEFF corpus,right_only
,TETRANYCHIDAE,ACARI,,,,PARENT-CHILD,1.0,13.99,JEFF corpus,right_only
,CLADOCERA,ACARINA,,,,PARENT-CHILD,1.0,12.19,JEFF corpus,right_only
,CERNUA,ACERINA,,,,CHILD-PARENT,1.0,11.09,JEFF corpus,right_only
,ALBULA,ACID,,,,CHILD-PARENT,1.0,12.19,JEFF corpus,right_only
,COREGONUS,ACID,,,,CHILD-PARENT,1.0,12.19,JEFF corpus,right_only
,CYPRINODONTIFORMES,ACTINOPTERYGII,,,,PARENT-CHILD,1.0,13.41,JEFF corpus,right_only
,OSTEOGLOSSIDAE,ACTINOPTERYGII,,,,PARENT-CHILD,1.0,12.41,JEFF corpus,right_only
,LINNAEUS,ACULEATUS,,,,PARENT-CHILD,5.0,10.3,JEFF corpus,right_only
,PUNGITIUS,ACULEATUS,,,,PARENT-CHILD,1.0,9.21,JEFF corpus,right_only
,HOYI,ADULT,,,,CHILD-PARENT,1.0,12.68,JEFF corpus,right_only
,ACULEATUS,AESHNA,,,,PARENT-CHILD,1.0,8.34,JEFF corpus,right_only
,HOLBROOKI,AFFINIS,,,,PARENT-CHILD,1.0,9.27,JEFF corpus,right_only
,MYERSII,AFFINIS,,,,PARENT-CHILD,1.0,13.0,JEFF corpus,right_only
,LOTUS,AFRICANA,,,,PARENT-CHILD,1.0,13.41,JEFF corpus,right_only
,MOLINA,AGRARIA,,,,CHILD-PARENT,1.0,13.99,JEFF corpus,right_only
,RUTILUS,ALBULA,,,,PARENT-CHILD,1.0,7.27,JEFF corpus,right_only
,CEPHALUS,ALBURNUS,,,,PARENT-CHILD,2.0,10.02,JEFF corpus,right_only
,GLUTINOSA,ALNUS,,,,PARENT-CHILD,4.0,13.99,JEFF corpus,right_only
,NANA,ALONELLA,,,,CHILD-PARENT,1.0,12.68,JEFF corpus,right_only
,ROSTRATA,ALONELLA,,,,CHILD-PARENT,1.0,9.83,JEFF corpus,right_only
,PSUEDOHARENGUS,ALOSA,,,,PARENT-CHILD,2.0,10.21,JEFF corpus,right_only
,SAPISISSIMA,ALOSA,,,,PARENT-CHILD,1.0,9.27,JEFF corpus,right_only
,LINNAEUS,ALPINUS,,,,CHILD-PARENT,1.0,8.01,JEFF corpus,right_only
,LINNEAUS,ALPINUS,,,,PARENT-CHILD,2.0,12.54,JEFF corpus,right_only
,BALTEATUS,ALUTACEUS,,,,CHILD-PARENT,1.0,11.19,JEFF corpus,right_only
,BRAMA,AMARUS,,,,PARENT-CHILD,1.0,9.09,JEFF corpus,right_only
,PERCICHTHYIDAE,AMBIGUA,,,,PARENT-CHILD,1.0,12.68,JEFF corpus,right_only
,RUSPESTRIS,AMBLOPLITES,,,,PARENT-CHILD,1.0,10.91,JEFF corpus,right_only
,AURATUS,AMEIURUS,,,,PARENT-CHILD,1.0,9.67,JEFF corpus,right_only
,PERCA,AMEIURUS,,,,PARENT-CHILD,1.0,11.19,JEFF corpus,right_only
,NATALIS,AMIEURUS,,,,CHILD-PARENT,1.0,13.41,JEFF corpus,right_only
,EPHEMEROPTERA,AMPHIPODA,,,,PARENT-CHILD,1.0,11.3,JEFF corpus,right_only
,GASTROPODA,AMPHIPODA,,,,PARENT-CHILD,1.0,11.99,JEFF corpus,right_only
,HEMIPTERA,AMPHIPODA,,,,PARENT-CHILD,2.0,11.83,JEFF corpus,right_only
,TRICHOPTERA,AMPHIPODA,,,,PARENT-CHILD,2.0,11.35,JEFF corpus,right_only
,RINELORICARIA,ANCISTRUS,,,,PARENT-CHILD,1.0,13.99,JEFF corpus,right_only
,DIEFFENBACHIA,ANGUILLA,,,,PARENT-CHILD,1.0,7.52,JEFF corpus,right_only
,VULGARIS,ANGUILLA,,,,PARENT-CHILD,1.0,7.5,JEFF corpus,right_only
,CENTRARCHIDAE,ANGUILLIDAE,,,,PARENT-CHILD,1.0,12.68,JEFF corpus,right_only
,FENNICA,ANNALES,,,,PARENT-CHILD,1.0,13.99,JEFF corpus,right_only
,ETHEOSTOMA,ANNULARIS,,,,PARENT-CHILD,1.0,12.41,JEFF corpus,right_only
,ATROMACULATUS,ANOMALUM,,,,PARENT-CHILD,1.0,10.47,JEFF corpus,right_only
,OCULATUS,ANURA,,,,PARENT-CHILD,1.0,11.41,JEFF corpus,right_only
,MELANOSTOMA,APOLLONIA,,,,CHILD-PARENT,1.0,13.41,JEFF corpus,right_only
,MELANOSTOMUS,APOLLONIA,,,,CHILD-PARENT,1.0,8.82,JEFF corpus,right_only
,HEMIPTERA,ARACHNIDA,,,,PARENT-CHILD,1.0,11.3,JEFF corpus,right_only
,COLLEMBOLA,ARACHNIDAE,,,,PARENT-CHILD,1.0,13.41,JEFF corpus,right_only
,CINERA,ARDEA,,,,PARENT-CHILD,2.0,13.0,JEFF corpus,right_only
,ESOX,ARDEA,,,,PARENT-CHILD,1.0,11.99,JEFF corpus,right_only
,LUCIUS,ARDEA,,,,PARENT-CHILD,1.0,11.99,JEFF corpus,right_only
,NOBILIS,ARISTICHTHYS,,,,CHILD-PARENT,2.0,13.67,JEFF corpus,right_only
,RUPESTRIS,ARNBLOPLITES,,,,CHILD-PARENT,1.0,10.54,JEFF corpus,right_only
,LINNAEUS,ARUNDINACEA,,,,PARENT-CHILD,1.0,8.03,JEFF corpus,right_only
,LINNAEUS,ASOTUS,,,,CHILD-PARENT,1.0,8.03,JEFF corpus,right_only
,REPRODUCTIVOS,ASPECTOS,,,,PARENT-CHILD,1.0,13.99,JEFF corpus,right_only
,CICHLA,ASTYANAX,,,,PARENT-CHILD,1.0,11.0,JEFF corpus,right_only
,ATHERINOPSIDAE,ATHERINIDAE,,,,PARENT-CHILD,1.0,13.99,JEFF corpus,right_only
,CATARACTAE,ATRATULUS,,,,PARENT-CHILD,1.0,10.91,JEFF corpus,right_only
,LINNAEUS,AURATA,,,,PARENT-CHILD,1.0,8.03,JEFF corpus,right_only
,HASSELTI,AURATUS,,,,PARENT-CHILD,1.0,12.68,JEFF corpus,right_only
,SCLATERI,AURATUS,,,,PARENT-CHILD,1.0,11.0,JEFF corpus,right_only
,SPARIDAE,AURATUS,,,,PARENT-CHILD,1.0,12.68,JEFF corpus,right_only
,MELANOCEPHALUS,AWAOS,,,,CHILD-PARENT,1.0,13.41,JEFF corpus,right_only
,AFRICANA,AZOLLA,,,,CHILD-PARENT,1.0,13.99,JEFF corpus,right_only
,HEPTAGENIIDAE,BAETIDAE,,,,PARENT-CHILD,1.0,13.41,JEFF corpus,right_only
,SIPHLONURIDAE,BAETIDAE,,,,PARENT-CHILD,1.0,13.41,JEFF corpus,right_only
,NOTROPIS,BAILEYI,,,,PARENT-CHILD,1.0,13.0,JEFF corpus,right_only
,LINNAEUS,BARBATULA,,,,PARENT-CHILD,2.0,7.945,JEFF corpus,right_only
,BOCAGEI,BARBUS,,,,PARENT-CHILD,4.0,10.41,JEFF corpus,right_only
,COMIZA,BARBUS,,,,PARENT-CHILD,1.0,8.46,JEFF corpus,right_only
,MICROCEPHALUS,BARBUS,,,,PARENT-CHILD,3.0,10.01,JEFF corpus,right_only
,SCLATERI,BARBUS,,,,PARENT-CHILD,12.0,11.87,JEFF corpus,right_only
,BARBUS,BARHUS,,,,CHILD-PARENT,1.0,9.02,JEFF corpus,right_only
,MYRIOPHYLLUM,BATRACHIUM,,,,CHILD-PARENT,1.0,13.99,JEFF corpus,right_only
,NANA,BETULA,,,,PARENT-CHILD,1.0,13.0,JEFF corpus,right_only
,BJOERKNA,BFICCA,,,,CHILD-PARENT,1.0,10.19,JEFF corpus,right_only
,BARBUS,BIPUNCTATUS,,,,CHILD-PARENT,1.0,9.02,JEFF corpus,right_only
,CLADOCERA,BIVALVIA,,,,PARENT-CHILD,1.0,11.67,JEFF corpus,right_only
,MYTILIDAE,BIVALVIA,,,,PARENT-CHILD,2.0,13.41,JEFF corpus,right_only
,VENEROIDA,BIVALVIA,,,,PARENT-CHILD,1.0,12.68,JEFF corpus,right_only
,ERYTHROPHTHALMUS,BJOERKNA,,,,PARENT-CHILD,1.0,9.75,JEFF corpus,right_only
,FLUVIATILIS,BJOERKNA,,,,PARENT-CHILD,1.0,6.83,JEFF corpus,right_only
,FLUVIATILIS,BLENNIUS,,,,CHILD-PARENT,1.0,6.84,JEFF corpus,right_only
,COREGONI,BOSMINA,,,,PARENT-CHILD,1.0,12.68,JEFF corpus,right_only
,LONGISPINA,BOSMINA,,,,PARENT-CHILD,3.0,13.58,JEFF corpus,right_only
,TRICHOPTERA,BOSMINA,,,,PARENT-CHILD,1.0,12.68,JEFF corpus,right_only
,LONGISPINA,BOSRNINA,,,,CHILD-PARENT,1.0,12.68,JEFF corpus,right_only
,HUCHO,BRACHYMYSTAX,,,,PARENT-CHILD,1.0,13.99,JEFF corpus,right_only
,ALBURNUS,BRAMA,,,,PARENT-CHILD,1.0,9.87,JEFF corpus,right_only
,BARBUS,BRAMA,,,,PARENT-CHILD,1.0,8.96,JEFF corpus,right_only
,BJOERKNA,BRAMA,,,,PARENT-CHILD,1.0,10.09,JEFF corpus,right_only
,RUTILUS,BRAMA,,,,PARENT-CHILD,1.0,7.25,JEFF corpus,right_only
,IHERINGI,BRYCONAMERICUS,,,,PARENT-CHILD,1.0,12.68,JEFF corpus,right_only
,LONGIMANUS,BYTHOTREPHES,,,,PARENT-CHILD,8.0,13.83,JEFF corpus,right_only
,BAETIDAE,CAENIDAE,,,,CHILD-PARENT,2.0,13.67,JEFF corpus,right_only
,DAPHNIDAE,CAENIDAE,,,,CHILD-PARENT,1.0,13.0,JEFF corpus,right_only
,CALLES,CAIOLA,,,,CHILD-PARENT,1.0,13.99,JEFF corpus,right_only
,CLADOCERA,CALANOIDA,,,,CHILD-PARENT,1.0,12.19,JEFF corpus,right_only
,BATRACHIUM,CALLITRICHE,,,,PARENT-CHILD,1.0,13.99,JEFF corpus,right_only
,JAPONICA,CAMELLIA,,,,CHILD-PARENT,1.0,9.21,JEFF corpus,right_only
,ESOX,CANADENSIS,,,,PARENT-CHILD,1.0,11.67,JEFF corpus,right_only
,LUCIUS,CANADENSIS,,,,PARENT-CHILD,1.0,11.67,JEFF corpus,right_only
,SANDER,CANADENSIS,,,,PARENT-CHILD,1.0,11.99,JEFF corpus,right_only
,VITREUS,CANADENSIS,,,,PARENT-CHILD,1.0,11.99,JEFF corpus,right_only
,CYPRINIDAE,CARASSIUS,,,,PARENT-CHILD,1.0,8.85,JEFF corpus,right_only
,CYPRINUS,CARP,,,,CHILD-PARENT,1.0,13.99,JEFF corpus,right_only
,CORREIA,CATARINA,,,,PARENT-CHILD,1.0,13.99,JEFF corpus,right_only
,ETHEOSTOMA,CATONOTUS,,,,CHILD-PARENT,1.0,13.41,JEFF corpus,right_only
,MORONIDAE,CATOSTOMIDAE,,,,PARENT-CHILD,1.0,13.41,JEFF corpus,right_only
,TELEOSTEI,CATOSTOMIDAE,,,,PARENT-CHILD,1.0,11.99,JEFF corpus,right_only
,COGNATUS,CATOSTOMUS,,,,PARENT-CHILD,1.0,10.47,JEFF corpus,right_only
,COMMERSONI,CATOSTOMUS,,,,PARENT-CHILD,10.0,12.57,JEFF corpus,right_only
,DICOBOLUS,CATOSTOMUS,,,,PARENT-CHILD,1.0,9.5,JEFF corpus,right_only
,GIBBOSUS,CENTRARCHIDAE,,,,PARENT-CHILD,2.0,9.93,JEFF corpus,right_only
,ANNULARIS,CEPEDIANUM,,,,PARENT-CHILD,1.0,11.3,JEFF corpus,right_only
,BERYLLINA,CEPEDIANUM,,,,PARENT-CHILD,1.0,11.99,JEFF corpus,right_only
,LINNAEUS,CEPHALUS,,,,PARENT-CHILD,1.0,8.02,JEFF corpus,right_only
,RUTILUS,CEPHALUS,,,,PARENT-CHILD,1.0,7.26,JEFF corpus,right_only
,DEMERSUM,CERATOPHYLLUM,,,,PARENT-CHILD,2.0,13.41,JEFF corpus,right_only
,FONTINALIS,CERATOPHYLLUM,,,,PARENT-CHILD,1.0,13.0,JEFF corpus,right_only
,TABANIDAE,CERATOPOGONIDAE,,,,PARENT-CHILD,1.0,13.99,JEFF corpus,right_only
,QUADRANGULA,CERIODAPHNIA,,,,PARENT-CHILD,1.0,13.41,JEFF corpus,right_only
,ROTIFERA,CERIODAPHNIA,,,,PARENT-CHILD,1.0,12.68,JEFF corpus,right_only
,LUCIOPERCA,CERNUA,,,,PARENT-CHILD,1.0,8.76,JEFF corpus,right_only
,ASPIUS,CERNUUS,,,,PARENT-CHILD,1.0,11.67,JEFF corpus,right_only
,MORHUA,CERNUUS,,,,PARENT-CHILD,1.0,9.95,JEFF corpus,right_only
,ALCYON,CERYLE,,,,PARENT-CHILD,1.0,13.99,JEFF corpus,right_only
,FLAVICANS,CHAOBORUS,,,,PARENT-CHILD,1.0,13.99,JEFF corpus,right_only
,CICHLIDAE,CHARACIDAE,,,,PARENT-CHILD,1.0,11.99,JEFF corpus,right_only
,OSTARIOPHYSI,CHARACIDAE,,,,PARENT-CHILD,1.0,12.41,JEFF corpus,right_only
,TETRAGONOPTERINAE,CHARACIDAE,,,,PARENT-CHILD,3.0,13.58,JEFF corpus,right_only
,TRICHOMYCTERUS,CHARACIDIUM,,,,CHILD-PARENT,1.0,13.99,JEFF corpus,right_only
,DIET,CHIRONOMID,,,,PARENT-CHILD,2.0,12.84,JEFF corpus,right_only
,FISH,CHIRONOMID,,,,PARENT-CHILD,1.0,12.68,JEFF corpus,right_only
,IMPORTANCE,CHIRONOMID,,,,PARENT-CHILD,1.0,13.0,JEFF corpus,right_only
,INSECT,CHIRONOMID,,,,PARENT-CHILD,1.0,13.41,JEFF corpus,right_only
,DIPTERA,CHIRONOMIDAE,,,,PARENT-CHILD,1.0,11.09,JEFF corpus,right_only
,MOLLUSCA,CHIRONOMIDAE,,,,PARENT-CHILD,1.0,11.99,JEFF corpus,right_only
,ODONATA,CHIRONOMIDAE,,,,PARENT-CHILD,2.0,12.19,JEFF corpus,right_only
,SIMULIIDAE,CHIRONOMIDAE,,,,PARENT-CHILD,1.0,11.67,JEFF corpus,right_only
,TRICHOPTERA,CHIRONOMIDAE,,,,PARENT-CHILD,1.0,10.35,JEFF corpus,right_only
,RIPARIUS,CHIRONOMUS,,,,PARENT-CHILD,1.0,13.99,JEFF corpus,right_only
,ALMACAI,CHONDROSTOMA,,,,PARENT-CHILD,1.0,9.87,JEFF corpus,right_only
,POLYLEPIS,CHONDROSTOMA,,,,PARENT-CHILD,5.0,12.07,JEFF corpus,right_only
,TOXOSTOMA,CHONDROSTOMA,,,,PARENT-CHILD,3.0,11.5,JEFF corpus,right_only
,WILLKOMMI,CHONDROSTOMA,,,,PARENT-CHILD,1.0,10.0,JEFF corpus,right_only
,ERYTHROGASTER,CHROSOMUS,,,,CHILD-PARENT,6.0,13.77,JEFF corpus,right_only
,NEOGAEUS,CHROSOMUS,,,,CHILD-PARENT,1.0,11.19,JEFF corpus,right_only
,ROTIFERA,CHYDORIDAE,,,,PARENT-CHILD,1.0,13.0,JEFF corpus,right_only
,FACETUM,CICHLIDAE,,,,PARENT-CHILD,1.0,12.19,JEFF corpus,right_only
,LORICARIIDAE,CICHLIDAE,,,,PARENT-CHILD,1.0,12.41,JEFF corpus,right_only
,MONODACTYLIDAE,CICHLIDAE,,,,PARENT-CHILD,1.0,12.41,JEFF corpus,right_only
,ESOX,CINERA,,,,CHILD-PARENT,1.0,11.99,JEFF corpus,right_only
,AURATUS,CIRRHINUS,,,,CHILD-PARENT,1.0,9.95,JEFF corpus,right_only
,AFFINIS,CLADOCERA,,,,PARENT-CHILD,1.0,9.27,JEFF corpus,right_only
,CHIRONOMIDAE,CLADOCERA,,,,PARENT-CHILD,1.0,11.41,JEFF corpus,right_only
,COPEPODA,CLADOCERA,,,,PARENT-CHILD,5.0,12.92,JEFF corpus,right_only
,DAPHNIA,CLADOCERA,,,,PARENT-CHILD,1.0,13.99,JEFF corpus,right_only
,OSTRACODA,CLADOCERA,,,,PARENT-CHILD,1.0,11.41,JEFF corpus,right_only
,RUTILUS,CLETHRIONOMYS,,,,CHILD-PARENT,1.0,7.27,JEFF corpus,right_only
,CEPEDIANUM,CLUPEIDAE,,,,PARENT-CHILD,2.0,11.47,JEFF corpus,right_only
,CYPRINIDAE,CLUPEIDAE,,,,PARENT-CHILD,1.0,10.82,JEFF corpus,right_only
,PSUEDOHARENGUS,CLUPEIDAE,,,,PARENT-CHILD,1.0,12.19,JEFF corpus,right_only
,TAENIA,COBITIDAE,,,,PARENT-CHILD,1.0,11.83,JEFF corpus,right_only
,GLANIS,COBITIS,,,,PARENT-CHILD,1.0,10.09,JEFF corpus,right_only
,TRUTTA,COBITIS,,,,PARENT-CHILD,1.0,5.5,JEFF corpus,right_only
,ARACHNIDA,COLEOPTERA,,,,PARENT-CHILD,1.0,10.91,JEFF corpus,right_only
,CERAMBYCIDAE,COLEOPTERA,,,,PARENT-CHILD,1.0,10.91,JEFF corpus,right_only
,COLEOPTERA,COLEOPTERA,,,,PARENT-CHILD,1.0,10.75,JEFF corpus,right_only
,COPEPODA,COLEOPTERA,,,,PARENT-CHILD,4.0,12.14,JEFF corpus,right_only
,DIPTERA,COLEOPTERA,,,,PARENT-CHILD,2.0,11.35,JEFF corpus,right_only
,DYTISCIDAE,COLEOPTERA,,,,PARENT-CHILD,1.0,10.91,JEFF corpus,right_only
,HEMIPTERA,COLEOPTERA,,,,PARENT-CHILD,4.0,12.19,JEFF corpus,right_only
,HYMENOPTERA,COLEOPTERA,,,,PARENT-CHILD,1.0,10.6,JEFF corpus,right_only
,ODONATA,COLEOPTERA,,,,PARENT-CHILD,1.0,10.41,JEFF corpus,right_only
,COPEPODA,COLLEMBOLA,,,,PARENT-CHILD,4.0,12.83,JEFF corpus,right_only
,HYMENOPTERA,COLLEMBOLA,,,,PARENT-CHILD,1.0,11.67,JEFF corpus,right_only
,PERCA,COMMERSONII,,,,PARENT-CHILD,1.0,12.19,JEFF corpus,right_only
,CONSECUENCIA,COMO,,,,CHILD-PARENT,2.0,13.99,JEFF corpus,right_only
,CARPIODES,CONFLUENTUS,,,,PARENT-CHILD,1.0,13.0,JEFF corpus,right_only
,CYPRINUS,CONFLUENTUS,,,,PARENT-CHILD,1.0,13.0,JEFF corpus,right_only
,ACARINA,COPEPODA,,,,PARENT-CHILD,1.0,13.0,JEFF corpus,right_only
,OSTRACODA,COPEPODA,,,,PARENT-CHILD,2.0,13.19,JEFF corpus,right_only
,NASUS,COREGNUS,,,,CHILD-PARENT,1.0,9.79,JEFF corpus,right_only
,ARTEDII,COREGONUS,,,,PARENT-CHILD,5.0,9.16,JEFF corpus,right_only
,CLUPEAFORMISS,COREGONUS,,,,PARENT-CHILD,1.0,6.86,JEFF corpus,right_only
,IUVURETUS,COREGONUS,,,,PARENT-CHILD,1.0,6.86,JEFF corpus,right_only
,LAVA,COREGONUS,,,,PARENT-CHILD,1.0,6.86,JEFF corpus,right_only
,LAVAREFUS,COREGONUS,,,,PARENT-CHILD,1.0,6.86,JEFF corpus,right_only
,LAVERETUS,COREGONUS,,,,PARENT-CHILD,1.0,6.86,JEFF corpus,right_only
,LUVURETUS,COREGONUS,,,,PARENT-CHILD,1.0,6.86,JEFF corpus,right_only
,PUSILLUS,COREGONUS,,,,PARENT-CHILD,2.0,7.86,JEFF corpus,right_only
,ZAVARETUS,COREGONUS,,,,PARENT-CHILD,2.0,7.86,JEFF corpus,right_only
,ZENI,COREGONUS,,,,PARENT-CHILD,1.0,6.86,JEFF corpus,right_only
,TRICHOPTERA,CORIXIDAE,,,,CHILD-PARENT,1.0,10.68,JEFF corpus,right_only
,PERCINA,CORNUTUS,,,,PARENT-CHILD,1.0,11.99,JEFF corpus,right_only
,BAIRDI,COTTUS,,,,PARENT-CHILD,17.0,11.58,JEFF corpus,right_only
,HAIRDI,COTTUS,,,,PARENT-CHILD,1.0,7.63,JEFF corpus,right_only
,HANGEONGENSIS,COTTUS,,,,PARENT-CHILD,1.0,7.63,JEFF corpus,right_only
,LINNAEUS,COTTUS,,,,PARENT-CHILD,2.0,7.83,JEFF corpus,right_only
,PJIGMAEUS,COTTUS,,,,PARENT-CHILD,1.0,7.63,JEFF corpus,right_only
,POLLUS,COTTUS,,,,PARENT-CHILD,1.0,7.63,JEFF corpus,right_only
,PYGMAEUS,COTTUS,,,,PARENT-CHILD,3.0,9.2,JEFF corpus,right_only
,COGNATUS,COTUS,,,,CHILD-PARENT,1.0,10.47,JEFF corpus,right_only
,SEPTEMSPINOSA,CRANGON,,,,PARENT-CHILD,1.0,13.99,JEFF corpus,right_only
,CYMOTHOIDAE,CRUSTACEA,,,,PARENT-CHILD,1.0,13.99,JEFF corpus,right_only
,JAPONICA,CRYPTOMERIA,,,,CHILD-PARENT,3.0,10.75,JEFF corpus,right_only
,IDELLUS,CTENOPHARYNGODON,,,,PARENT-CHILD,1.0,13.99,JEFF corpus,right_only
,INCON,CULAEA,,,,PARENT-CHILD,2.0,13.99,JEFF corpus,right_only
,HEMIPTERA,CURTONOTUM,,,,CHILD-PARENT,1.0,11.3,JEFF corpus,right_only
,CARASSIUS,CURUSSIUS,,,,CHILD-PARENT,1.0,10.41,JEFF corpus,right_only
,REGALIA,CYNOSCION,,,,PARENT-CHILD,1.0,13.99,JEFF corpus,right_only
,HYBOPSIS,CYPRINELLA,,,,PARENT-CHILD,1.0,9.41,JEFF corpus,right_only
,PIMEPHALES,CYPRINELLA,,,,PARENT-CHILD,2.0,10.3,JEFF corpus,right_only
,BRAMA,CYPRINIDAE,,,,PARENT-CHILD,1.0,8.96,JEFF corpus,right_only
,FUNDULIDAE,CYPRINIDAE,,,,PARENT-CHILD,1.0,11.99,JEFF corpus,right_only
,PERCIDAE,CYPRINIDAE,,,,PARENT-CHILD,1.0,11.54,JEFF corpus,right_only
,POECILIIDAE,CYPRINIDAE,,,,PARENT-CHILD,1.0,11.67,JEFF corpus,right_only
,SALMONIDAE,CYPRINIDAE,,,,PARENT-CHILD,1.0,10.6,JEFF corpus,right_only
,TELEOSTEI,CYPRINIDAE,,,,PARENT-CHILD,1.0,11.3,JEFF corpus,right_only
,UMBRIDAE,CYPRINIDAE,,,,PARENT-CHILD,1.0,11.54,JEFF corpus,right_only
,LINNAEUS,CYPRINUS,,,,PARENT-CHILD,3.0,9.57,JEFF corpus,right_only
,PULEX,DAPHIA,,,,CHILD-PARENT,1.0,11.3,JEFF corpus,right_only
,CRISTATA,DAPHNIA,,,,PARENT-CHILD,2.0,11.24,JEFF corpus,right_only
,DROSOPHILA,DAPHNIA,,,,PARENT-CHILD,2.0,11.24,JEFF corpus,right_only
,GALEATA,DAPHNIA,,,,PARENT-CHILD,10.0,13.19,JEFF corpus,right_only
,HYALINA,DAPHNIA,,,,PARENT-CHILD,1.0,10.3,JEFF corpus,right_only
,LUMHOLTZI,DAPHNIA,,,,PARENT-CHILD,1.0,10.3,JEFF corpus,right_only
,MAGNA,DAPHNIA,,,,PARENT-CHILD,3.0,11.77,JEFF corpus,right_only
,PULEX,DAPHNIA,,,,PARENT-CHILD,5.0,12.11,JEFF corpus,right_only
,ROTIFERA,DAPHNIA,,,,PARENT-CHILD,1.0,10.19,JEFF corpus,right_only
,AFFINIS,DICHROURA,,,,CHILD-PARENT,1.0,9.48,JEFF corpus,right_only
,AMBIGUA,DIET,,,,CHILD-PARENT,1.0,11.83,JEFF corpus,right_only
,MACQUARIA,DIET,,,,CHILD-PARENT,1.0,11.83,JEFF corpus,right_only
,CHIRONOMIDAE,DIPTERA,,,,PARENT-CHILD,1.0,11.09,JEFF corpus,right_only
,CLADOCERA,DIPTERA,,,,PARENT-CHILD,1.0,10.91,JEFF corpus,right_only
,COLLEMBOLA,DIPTERA,,,,PARENT-CHILD,1.0,11.3,JEFF corpus,right_only
,DIET,DIPTERA,,,,PARENT-CHILD,1.0,11.99,JEFF corpus,right_only
,EPHEMEROPTERA,DIPTERA,,,,PARENT-CHILD,1.0,10.82,JEFF corpus,right_only
,FIG.,DIPTERA,,,,PARENT-CHILD,1.0,11.83,JEFF corpus,right_only
,HYMENOPTERA,DIPTERA,,,,PARENT-CHILD,1.0,11.0,JEFF corpus,right_only
,LAKE,DIPTERA,,,,PARENT-CHILD,1.0,11.54,JEFF corpus,right_only
,LEPOMIS,DIPTERA,,,,PARENT-CHILD,1.0,12.41,JEFF corpus,right_only
,MASS,DIPTERA,,,,PARENT-CHILD,1.0,12.41,JEFF corpus,right_only
,MEGALOPTERA,DIPTERA,,,,PARENT-CHILD,1.0,11.3,JEFF corpus,right_only
,SIMULIIDAE,DIPTERA,,,,PARENT-CHILD,2.0,12.09,JEFF corpus,right_only
,THYSANOPTERA,DIPTERA,,,,PARENT-CHILD,1.0,11.41,JEFF corpus,right_only
,TRICHOPTERA,DIPTERA,,,,PARENT-CHILD,2.0,11.09,JEFF corpus,right_only
,GRANULOSUS,DORADIDAE,,,,CHILD-PARENT,1.0,11.09,JEFF corpus,right_only
,PIMEPHALES,DOROSOMA,,,,PARENT-CHILD,1.0,10.14,JEFF corpus,right_only
,BUGENSIS,DREISSENA,,,,PARENT-CHILD,2.0,11.14,JEFF corpus,right_only
,POLYMORPHA,DREISSENA,,,,PARENT-CHILD,25.0,13.94,JEFF corpus,right_only
,MELANOGASTER,DROSOPHILA,,,,PARENT-CHILD,1.0,13.99,JEFF corpus,right_only
,ZOOLOGIA,ECOLOGIA,,,,CHILD-PARENT,1.0,13.99,JEFF corpus,right_only
,CERATOPOGONIDAE,EMPIDIDAE,,,,PARENT-CHILD,1.0,13.99,JEFF corpus,right_only
,TRIDENTATUS,ENTOSPHENUS,,,,PARENT-CHILD,16.0,13.99,JEFF corpus,right_only
,LEPIDOPTERA,EPHEMEROPTERA,,,,PARENT-CHILD,1.0,10.75,JEFF corpus,right_only
,ODONATA,EPHEMEROPTERA,,,,PARENT-CHILD,2.0,11.54,JEFF corpus,right_only
,PLECOPTERA,EPHEMEROPTERA,,,,PARENT-CHILD,7.0,13.28,JEFF corpus,right_only
,SIMULIIDAE,EPHEMEROPTERA,,,,PARENT-CHILD,1.0,10.82,JEFF corpus,right_only
,TRICHOPTERA,EPHEMEROPTERA,,,,PARENT-CHILD,3.0,11.54,JEFF corpus,right_only
,ALBURNUS,ERYTHROPHTHALMUS,,,,PARENT-CHILD,1.0,9.95,JEFF corpus,right_only
,AURATUS,ERYTHROPHTHALMUS,,,,PARENT-CHILD,1.0,9.91,JEFF corpus,right_only
,CHARACIDAE,ERYTHROZONUS,,,,PARENT-CHILD,1.0,12.68,JEFF corpus,right_only
,LUCIUS,ESOCIDAE,,,,PARENT-CHILD,1.0,7.48,JEFF corpus,right_only
,SALMONIDAE,ESOCIDAE,,,,PARENT-CHILD,2.0,11.91,JEFF corpus,right_only
,LINNAEUS,ESOX,,,,PARENT-CHILD,13.0,10.37,JEFF corpus,right_only
,LUCZUS,ESOX,,,,PARENT-CHILD,1.0,7.37,JEFF corpus,right_only
,ESPECIE,ESTA,,,,PARENT-CHILD,1.0,13.99,JEFF corpus,right_only
,PERCA,ETHEOSTOMA,,,,PARENT-CHILD,1.0,8.11,JEFF corpus,right_only
,PERCIDAE,ETHEOSTOMA,,,,PARENT-CHILD,1.0,8.13,JEFF corpus,right_only
,SPECTABILE,ETHEOSTORNA,,,,CHILD-PARENT,1.0,10.6,JEFF corpus,right_only
,MINIATA,EUCALYPTUS,,,,PARENT-CHILD,1.0,13.41,JEFF corpus,right_only
,TETRADONTA,EUCALYPTUS,,,,PARENT-CHILD,1.0,13.41,JEFF corpus,right_only
,GRACILIS,EUDIAPTOMUS,,,,PARENT-CHILD,1.0,13.0,JEFF corpus,right_only
,TRICHOPTERA,EUDIAPTOMUS,,,,PARENT-CHILD,1.0,12.68,JEFF corpus,right_only
,GIBBOSUS,EUPOMIS,,,,CHILD-PARENT,1.0,8.96,JEFF corpus,right_only
,PERCINA,EXILIS,,,,CHILD-PARENT,1.0,11.99,JEFF corpus,right_only
,GOBIIDAE,EXTRANEUS,,,,CHILD-PARENT,1.0,12.68,JEFF corpus,right_only
,DER,FISH,,,,CHILD-PARENT,1.0,10.68,JEFF corpus,right_only
,ESOX,FISH,,,,CHILD-PARENT,1.0,10.68,JEFF corpus,right_only
,GOBIIDAE,FLAVESCENS,,,,PARENT-CHILD,1.0,12.68,JEFF corpus,right_only
,BRAMA,FLUVIATILIS,,,,PARENT-CHILD,1.0,8.82,JEFF corpus,right_only
,CERNUUS,FLUVIATILIS,,,,PARENT-CHILD,1.0,9.09,JEFF corpus,right_only
,ERYTHROPHTHALMUS,FLUVIATILIS,,,,PARENT-CHILD,1.0,9.38,JEFF corpus,right_only
,LINNAEUS,FLUVIATILIS,,,,PARENT-CHILD,7.0,10.71,JEFF corpus,right_only
,RUTILUS,FLUVIATILIS,,,,PARENT-CHILD,3.0,8.77,JEFF corpus,right_only
,COMMERSONII,FONTINALIS,,,,PARENT-CHILD,1.0,11.19,JEFF corpus,right_only
,TRUTTA,FONTINALIS,,,,PARENT-CHILD,2.0,6.52,JEFF corpus,right_only
,HYMENOPTERA,FORMICIDAE,,,,PARENT-CHILD,1.0,12.41,JEFF corpus,right_only
,MAGBANUA,FRANCIS,,,,PARENT-CHILD,1.0,13.99,JEFF corpus,right_only
,ICTALURIDAE,FUNDULIDAE,,,,CHILD-PARENT,1.0,13.99,JEFF corpus,right_only
,LINNAEUS,FUNDULUS,,,,PARENT-CHILD,1.0,7.62,JEFF corpus,right_only
,MICROPTERUS,FUNDULUS,,,,PARENT-CHILD,1.0,13.41,JEFF corpus,right_only
,PIMEPHALES,FUNDULUS,,,,PARENT-CHILD,1.0,9.38,JEFF corpus,right_only
,DAPHNIA,GAMBUSIA,,,,PARENT-CHILD,2.0,9.46,JEFF corpus,right_only
,HOLBROOKI,GAMBUSIA,,,,PARENT-CHILD,47.0,13.4,JEFF corpus,right_only
,IMPACT,GAMBUSIA,,,,PARENT-CHILD,1.0,8.47,JEFF corpus,right_only
,HOLBROOKI,GAMHUSIA,,,,CHILD-PARENT,1.0,9.3,JEFF corpus,right_only
,FORMICIDAE,GAMMARIDAE,,,,PARENT-CHILD,1.0,13.41,JEFF corpus,right_only
,DYTISCUS,GAMMARUS,,,,PARENT-CHILD,1.0,12.68,JEFF corpus,right_only
,HALIPLUS,GAMMARUS,,,,PARENT-CHILD,1.0,12.68,JEFF corpus,right_only
,LIMNOPHILUS,GAMMARUS,,,,PARENT-CHILD,1.0,12.68,JEFF corpus,right_only
,MINUS,GAMMARUS,,,,PARENT-CHILD,1.0,12.19,JEFF corpus,right_only
,PSEUDOLIMNAEUS,GAMMARUS,,,,PARENT-CHILD,2.0,13.0,JEFF corpus,right_only
,PULEX,GAMMARUS,,,,PARENT-CHILD,3.0,12.41,JEFF corpus,right_only
,HOLBROOKI,GAMUSIA,,,,CHILD-PARENT,1.0,9.3,JEFF corpus,right_only
,LINNAEUS,GASTEROSTEUS,,,,PARENT-CHILD,4.0,9.16,JEFF corpus,right_only
,PUNGITIUS,GASTEROSTEUS,,,,PARENT-CHILD,1.0,7.73,JEFF corpus,right_only
,OSTRACODA,GASTROPODA,,,,PARENT-CHILD,1.0,12.41,JEFF corpus,right_only
,UNIONIDAE,GASTROPODA,,,,PARENT-CHILD,1.0,12.68,JEFF corpus,right_only
,KINDTII,GIBBERUM,,,,PARENT-CHILD,1.0,11.83,JEFF corpus,right_only
,LONGIMANUS,GIBBERUM,,,,PARENT-CHILD,1.0,11.41,JEFF corpus,right_only
,LINNAEUS,GIBBOSUS,,,,PARENT-CHILD,3.0,9.58,JEFF corpus,right_only
,PARVA,GIBBOSUS,,,,PARENT-CHILD,1.0,10.0,JEFF corpus,right_only
,GIBBOSUS,GIBELIO,,,,PARENT-CHILD,1.0,8.96,JEFF corpus,right_only
,TELEOSTEI,GIGAS,,,,PARENT-CHILD,2.0,13.0,JEFF corpus,right_only
,CHUB,GILA,,,,PARENT-CHILD,1.0,11.41,JEFF corpus,right_only
,TOPMINNOW,GILA,,,,PARENT-CHILD,1.0,11.41,JEFF corpus,right_only
,ERYTHROPHTHALMUS,GLANIS,,,,PARENT-CHILD,1.0,9.79,JEFF corpus,right_only
,MAXIMA,GLYCERIA,,,,PARENT-CHILD,1.0,13.99,JEFF corpus,right_only
,PAGANELLUS,GOBIIDAE,,,,PARENT-CHILD,1.0,13.0,JEFF corpus,right_only
,PERCIDAE,GOBIIDAE,,,,PARENT-CHILD,1.0,12.41,JEFF corpus,right_only
,ALBIPINNATUS,GOBIO,,,,CHILD-PARENT,1.0,10.0,JEFF corpus,right_only
,LEUCISCUS,GOBIO,,,,CHILD-PARENT,1.0,10.09,JEFF corpus,right_only
,LINNAEUS,GOBIO,,,,CHILD-PARENT,2.0,9.01,JEFF corpus,right_only
,AIENSIS,GOBIOIDEI,,,,PARENT-CHILD,1.0,12.68,JEFF corpus,right_only
,SANDER,GOBIOIDEI,,,,PARENT-CHILD,1.0,11.99,JEFF corpus,right_only
,SICYOPTERUS,GOBIOIDEI,,,,PARENT-CHILD,1.0,12.41,JEFF corpus,right_only
,VITREUS,GOBIOIDEI,,,,PARENT-CHILD,1.0,11.99,JEFF corpus,right_only
,COTIDIANUS,GOBIUS,,,,CHILD-PARENT,1.0,11.09,JEFF corpus,right_only
,BLOCHII,GRACILIS,,,,PARENT-CHILD,1.0,13.41,JEFF corpus,right_only
,TRICHOPTERA,GRACILOIDES,,,,PARENT-CHILD,1.0,12.68,JEFF corpus,right_only
,PULEX,GUMMARUS,,,,CHILD-PARENT,2.0,12.19,JEFF corpus,right_only
,PULEX,GUMMURUS,,,,CHILD-PARENT,1.0,11.3,JEFF corpus,right_only
,CERNUA,GYMNOCEPHALUS,,,,PARENT-CHILD,13.0,12.51,JEFF corpus,right_only
,KAMTSCHATKANA,HALIOTIS,,,,PARENT-CHILD,1.0,13.41,JEFF corpus,right_only
,RUBRA,HALIOTIS,,,,PARENT-CHILD,1.0,13.41,JEFF corpus,right_only
,DA,HARDANGERVID,,,,CHILD-PARENT,1.0,13.0,JEFF corpus,right_only
,UNIONIDAE,HARPACTICOIDA,,,,CHILD-PARENT,1.0,13.0,JEFF corpus,right_only
,HEMIPTERA,HELVUM,,,,CHILD-PARENT,1.0,11.3,JEFF corpus,right_only
,ARACHNIDAE,HEMIPTERA,,,,PARENT-CHILD,1.0,12.68,JEFF corpus,right_only
,GAMMARIDAE,HEMIPTERA,,,,PARENT-CHILD,1.0,12.41,JEFF corpus,right_only
,HEMIPTERA,HEMIPTERA,,,,PARENT-CHILD,1.0,11.0,JEFF corpus,right_only
,ODONATA,HEMIPTERA,,,,PARENT-CHILD,1.0,11.41,JEFF corpus,right_only
,HYDROPSYCHIDAE,HEPTAGENIIDAE,,,,PARENT-CHILD,1.0,13.99,JEFF corpus,right_only
,LINNAEUS,HETEROCLITUS,,,,CHILD-PARENT,1.0,8.03,JEFF corpus,right_only
,VULGARIS,HIPPURIS,,,,PARENT-CHILD,2.0,13.41,JEFF corpus,right_only
,GIBBERUM,HOLOPEDIUM,,,,PARENT-CHILD,4.0,13.99,JEFF corpus,right_only
,AMERICANUS,HOMARUS,,,,CHILD-PARENT,1.0,12.68,JEFF corpus,right_only
,ARGRYTUS,HYBOGNATHUS,,,,PARENT-CHILD,1.0,11.19,JEFF corpus,right_only
,ICTIOBUS,HYBOGNATHUS,,,,PARENT-CHILD,1.0,11.19,JEFF corpus,right_only
,PIMEPHALES,HYBOPSIS,,,,PARENT-CHILD,1.0,11.99,JEFF corpus,right_only
,UNIONIDAE,HYDRACARINA,,,,PARENT-CHILD,1.0,13.0,JEFF corpus,right_only
,VERTICILLATA,HYDRILLA,,,,PARENT-CHILD,1.0,13.41,JEFF corpus,right_only
,VERTICILLATU,HYDRILLA,,,,PARENT-CHILD,1.0,13.41,JEFF corpus,right_only
,COLEOPTERA,HYMENOPTERA,,,,PARENT-CHILD,1.0,12.19,JEFF corpus,right_only
,FORMICIDAE,HYMENOPTERA,,,,PARENT-CHILD,1.0,12.41,JEFF corpus,right_only
,HYMENOPTERA,HYMENOPTERA,,,,PARENT-CHILD,1.0,11.83,JEFF corpus,right_only
,ORTHOPTERA,HYMENOPTERA,,,,PARENT-CHILD,1.0,12.68,JEFF corpus,right_only
,NOBILIS,HYPOPHTHALMICHLYS,,,,CHILD-PARENT,1.0,13.0,JEFF corpus,right_only
,SALMONIDAE,ICTALURIDAE,,,,PARENT-CHILD,1.0,11.09,JEFF corpus,right_only
,PUNCTATUS,ICTALURIS,,,,CHILD-PARENT,1.0,10.35,JEFF corpus,right_only
,PARVA,INVADER,,,,CHILD-PARENT,1.0,13.41,JEFF corpus,right_only
,PSEUDORASBORA,INVADER,,,,CHILD-PARENT,1.0,13.41,JEFF corpus,right_only
,LONGIMANUS,KINDTII,,,,CHILD-PARENT,1.0,11.41,JEFF corpus,right_only
,SICCULUS,LA.,,,,CHILD-PARENT,1.0,13.41,JEFF corpus,right_only
,AYRESI,LAMPETRA,,,,PARENT-CHILD,1.0,8.76,JEFF corpus,right_only
,CAMTSCHATICA,LAMPETRA,,,,PARENT-CHILD,1.0,8.76,JEFF corpus,right_only
,SPP,LAMPETRA,,,,PARENT-CHILD,2.0,9.69,JEFF corpus,right_only
,MARGINATUS,LATIPINNU,,,,CHILD-PARENT,1.0,12.41,JEFF corpus,right_only
,GIBBOSUS,LECITHASTER,,,,CHILD-PARENT,1.0,8.96,JEFF corpus,right_only
,LEPIDOPTERA,LEPIDOPTERA,,,,CHILD-PARENT,1.0,12.41,JEFF corpus,right_only
,HIODON,LEPISOSTEUS,,,,PARENT-CHILD,2.0,11.0,JEFF corpus,right_only
,CONSUMPTION,LEPOMIS,,,,PARENT-CHILD,2.0,8.79,JEFF corpus,right_only
,ETHEOSTOMA,LEPOMIS,,,,PARENT-CHILD,1.0,7.76,JEFF corpus,right_only
,HUMILUS,LEPOMIS,,,,PARENT-CHILD,1.0,7.8,JEFF corpus,right_only
,LINNAEUS,LEPOMIS,,,,PARENT-CHILD,2.0,7.92,JEFF corpus,right_only
,MACHROCHIRUS,LEPOMIS,,,,PARENT-CHILD,1.0,7.8,JEFF corpus,right_only
,MICROPTERUS,LEPOMIS,,,,PARENT-CHILD,1.0,13.41,JEFF corpus,right_only
,YOPHORUS,LEPORINUS,,,,PARENT-CHILD,1.0,11.41,JEFF corpus,right_only
,KINDTII,LEPTODORA,,,,PARENT-CHILD,6.0,13.88,JEFF corpus,right_only
,ALASKENSE,LETHENTERON,,,,PARENT-CHILD,1.0,11.67,JEFF corpus,right_only
,LEUSCISCUS,LEUCISCUS,,,,PARENT-CHILD,1.0,8.81,JEFF corpus,right_only
,PYRENAICUS,LEUCISCUS,,,,PARENT-CHILD,5.0,11.04,JEFF corpus,right_only
,INTESTINALIS,LIGULA,,,,PARENT-CHILD,9.0,13.99,JEFF corpus,right_only
,FONTINALIS,LIRCEUS,,,,CHILD-PARENT,1.0,7.63,JEFF corpus,right_only
,TRICHOPTERA,LONGISPINA,,,,PARENT-CHILD,1.0,12.68,JEFF corpus,right_only
,ESOX,LONTRA,,,,PARENT-CHILD,1.0,11.67,JEFF corpus,right_only
,LUCIUS,LONTRA,,,,PARENT-CHILD,1.0,11.67,JEFF corpus,right_only
,SANDER,LONTRA,,,,PARENT-CHILD,1.0,11.99,JEFF corpus,right_only
,VITREUS,LONTRA,,,,PARENT-CHILD,1.0,11.99,JEFF corpus,right_only
,PIMELODIDAE,LORICARIIDAE,,,,PARENT-CHILD,1.0,13.41,JEFF corpus,right_only
,CATOSTOMUS,LOTA,,,,PARENT-CHILD,1.0,10.91,JEFF corpus,right_only
,LINNAEUS,LOTA,,,,PARENT-CHILD,2.0,7.7349999999999985,JEFF corpus,right_only
,LINNEAUS,LOTA,,,,PARENT-CHILD,4.0,13.19,JEFF corpus,right_only
,SALMONIDAE,LOTIDAE,,,,PARENT-CHILD,2.0,11.99,JEFF corpus,right_only
,ALBANICUS,LUCIOBARBUS,,,,PARENT-CHILD,1.0,13.99,JEFF corpus,right_only
,LUCIUS,LUCIOPERCA,,,,PARENT-CHILD,1.0,11.83,JEFF corpus,right_only
,BJOERKNA,LUCIUS,,,,CHILD-PARENT,1.0,9.35,JEFF corpus,right_only
,CYANELLUS,LUCIUS,,,,CHILD-PARENT,1.0,9.71,JEFF corpus,right_only
,FLUVIATILIS,LUCIUS,,,,CHILD-PARENT,5.0,9.05,JEFF corpus,right_only
,LINNAEUS,LUCIUS,,,,CHILD-PARENT,15.0,11.69,JEFF corpus,right_only
,NASUS,LUCIUS,,,,CHILD-PARENT,1.0,9.09,JEFF corpus,right_only
,ALCEDO,LUTRA,,,,PARENT-CHILD,1.0,12.19,JEFF corpus,right_only
,ARDEA,LUTRA,,,,PARENT-CHILD,1.0,12.19,JEFF corpus,right_only
,ATTHIS,LUTRA,,,,PARENT-CHILD,1.0,12.19,JEFF corpus,right_only
,EGRETTA,LUTRA,,,,PARENT-CHILD,1.0,12.19,JEFF corpus,right_only
,GARZETTA,LUTRA,,,,PARENT-CHILD,1.0,12.19,JEFF corpus,right_only
,VARIEGATUS,LYTECHINUS,,,,CHILD-PARENT,1.0,13.99,JEFF corpus,right_only
,PEELLII,MACCULLOCHELLA,,,,PARENT-CHILD,1.0,10.54,JEFF corpus,right_only
,PERCICHTHYIDAE,MACQUARIA,,,,PARENT-CHILD,1.0,9.71,JEFF corpus,right_only
,MACROCHIRUS,MACROCHIRUS,,,,CHILD-PARENT,1.0,9.14,JEFF corpus,right_only
,CHARACIFORMES,MACROPOMUM,,,,CHILD-PARENT,1.0,13.41,JEFF corpus,right_only
,MESOPOTAMICUS,MACULATUS,,,,PARENT-CHILD,1.0,12.68,JEFF corpus,right_only
,NASUTUS,MACULATUS,,,,PARENT-CHILD,1.0,13.0,JEFF corpus,right_only
,AMBIGUA,MAQUARIA,,,,CHILD-PARENT,1.0,10.6,JEFF corpus,right_only
,LINNAEUS,MARINUS,,,,PARENT-CHILD,4.0,10.0,JEFF corpus,right_only
,DIPTERA,MEGALOPTERA,,,,PARENT-CHILD,1.0,11.3,JEFF corpus,right_only
,EPHEMEROPTERA,MEGALOPTERA,,,,PARENT-CHILD,2.0,12.54,JEFF corpus,right_only
,TRICHOPTERA,MEGALOPTERA,,,,PARENT-CHILD,1.0,10.47,JEFF corpus,right_only
,ETHEOSTOMA,MEGALOTIS,,,,PARENT-CHILD,1.0,12.41,JEFF corpus,right_only
,ALBELLUS,MERGUS,,,,PARENT-CHILD,2.0,13.41,JEFF corpus,right_only
,ZEBRA,METRIACLIMA,,,,PARENT-CHILD,1.0,13.0,JEFF corpus,right_only
,DOLOMIEUI,MICROPTERUS,,,,PARENT-CHILD,8.0,12.19,JEFF corpus,right_only
,ETHEOSTOMA,MICROPTERUS,,,,PARENT-CHILD,1.0,9.27,JEFF corpus,right_only
,PUNCTATUS,MICROPTERUS,,,,PARENT-CHILD,1.0,8.82,JEFF corpus,right_only
,PIMEPHALES,MIRABILIS,,,,PARENT-CHILD,1.0,11.99,JEFF corpus,right_only
,MIRZA,MIRANDA,,,,PARENT-CHILD,1.0,13.99,JEFF corpus,right_only
,BIVALVIA,MOLLUSCA,,,,PARENT-CHILD,1.0,13.41,JEFF corpus,right_only
,TRICHOPTERA,MOLLUSCA,,,,PARENT-CHILD,1.0,10.6,JEFF corpus,right_only
,MISSISSIPIENSIS,MORONE,,,,PARENT-CHILD,1.0,10.3,JEFF corpus,right_only
,DUQUESNEI,MOXOSTOMA,,,,PARENT-CHILD,4.0,12.75,JEFF corpus,right_only
,MACROLEPIDUM,MOXOSTOMA,,,,PARENT-CHILD,1.0,11.0,JEFF corpus,right_only
,LINNAEUS,MUGIL,,,,PARENT-CHILD,1.0,7.97,JEFF corpus,right_only
,TERAPONTIDAE,MUGILIDAE,,,,PARENT-CHILD,1.0,13.99,JEFF corpus,right_only
,ESOX,MUSTELA,,,,PARENT-CHILD,1.0,11.99,JEFF corpus,right_only
,LUCIUS,MUSTELA,,,,PARENT-CHILD,1.0,11.99,JEFF corpus,right_only
,SPILOPLEURA,MYERSII,,,,CHILD-PARENT,1.0,13.41,JEFF corpus,right_only
,THOMPSONI,MYOXOCEPHALUS,,,,PARENT-CHILD,1.0,12.19,JEFF corpus,right_only
,CERATOPHYLLUM,MYRIOPHYLLUM,,,,PARENT-CHILD,1.0,12.19,JEFF corpus,right_only
,SPICATUM,MYRIOPHYLLUM,,,,PARENT-CHILD,5.0,13.73,JEFF corpus,right_only
,GAMMARIDAE,MYSIDAE,,,,CHILD-PARENT,1.0,13.41,JEFF corpus,right_only
,DILUVANIA,MYSIS,,,,PARENT-CHILD,1.0,10.35,JEFF corpus,right_only
,DILUVIANA,MYSIS,,,,PARENT-CHILD,8.0,13.0,JEFF corpus,right_only
,RELICATA,MYSIS,,,,PARENT-CHILD,1.0,10.35,JEFF corpus,right_only
,RELICTA,MYSIS,,,,PARENT-CHILD,14.0,13.55,JEFF corpus,right_only
,TROSSULUS,MYTILUS,,,,PARENT-CHILD,1.0,13.41,JEFF corpus,right_only
,ROSTRATA,NANA,,,,PARENT-CHILD,1.0,9.87,JEFF corpus,right_only
,PERCA,NATALIS,,,,PARENT-CHILD,1.0,12.19,JEFF corpus,right_only
,AURATUS,NEBULOSUS,,,,PARENT-CHILD,1.0,9.95,JEFF corpus,right_only
,PUNGITIUS,NEOECHINORHYNCHUS,,,,CHILD-PARENT,1.0,9.35,JEFF corpus,right_only
,ELVIRA,NICOLA,,,,PARENT-CHILD,2.0,13.99,JEFF corpus,right_only
,LINNAEUS,NILOTICUS,,,,CHILD-PARENT,1.0,8.03,JEFF corpus,right_only
,CAMPOSTOMA,NOCOMIS,,,,PARENT-CHILD,1.0,10.91,JEFF corpus,right_only
,PLATYRYNCHUS,NOCOMIS,,,,PARENT-CHILD,1.0,10.91,JEFF corpus,right_only
,HYBOGNATHUS,NOTEMIGONUS,,,,PARENT-CHILD,1.0,12.68,JEFF corpus,right_only
,SPP,NOTHOFAGUS,,,,CHILD-PARENT,1.0,12.41,JEFF corpus,right_only
,GASTROPODA,NOTOSTRACA,,,,CHILD-PARENT,1.0,13.41,JEFF corpus,right_only
,CAERULEUS,NOTROPIS,,,,PARENT-CHILD,1.0,9.21,JEFF corpus,right_only
,CORNUTUS,NOTROPIS,,,,PARENT-CHILD,1.0,9.14,JEFF corpus,right_only
,LUTIPPINIS,NOTROPIS,,,,PARENT-CHILD,1.0,9.21,JEFF corpus,right_only
,LUTRENSIS,NOTROPIS,,,,PARENT-CHILD,3.0,10.54,JEFF corpus,right_only
,NOTROPIS,NOTROPIS,,,,PARENT-CHILD,2.0,10.16,JEFF corpus,right_only
,PERCINA,NOTROPIS,,,,PARENT-CHILD,1.0,9.06,JEFF corpus,right_only
,ROSEIPINNIS,NOTROPIS,,,,PARENT-CHILD,1.0,9.21,JEFF corpus,right_only
,SPILOPTERUS,NOTROPIS,,,,PARENT-CHILD,1.0,9.21,JEFF corpus,right_only
,VENUSTUS,NOTROPIS,,,,PARENT-CHILD,3.0,10.75,JEFF corpus,right_only
,PERCINA,NOTURUS,,,,PARENT-CHILD,1.0,11.83,JEFF corpus,right_only
,LUTEA,NUPHAR,,,,PARENT-CHILD,2.0,13.67,JEFF corpus,right_only
,LUTEUM,NUPHAR,,,,PARENT-CHILD,1.0,13.0,JEFF corpus,right_only
,LOTUS,NYMPHAEA,,,,PARENT-CHILD,1.0,13.0,JEFF corpus,right_only
,MACULATUS,NYMPHAEA,,,,PARENT-CHILD,1.0,9.24,JEFF corpus,right_only
,OSSEUS,OCULATUS,,,,PARENT-CHILD,1.0,11.3,JEFF corpus,right_only
,AMPHIPODA,ODONATA,,,,PARENT-CHILD,1.0,12.68,JEFF corpus,right_only
,DIPTERA,ODONATA,,,,PARENT-CHILD,1.0,11.3,JEFF corpus,right_only
,PLECOPTERA,ODONATA,,,,PARENT-CHILD,1.0,11.3,JEFF corpus,right_only
,TRICHOPTERA,ODONATA,,,,PARENT-CHILD,1.0,10.47,JEFF corpus,right_only
,APPLICATA,OECOLOGIA,,,,PARENT-CHILD,1.0,13.99,JEFF corpus,right_only
,RUTILUS,OECONOMUS,,,,CHILD-PARENT,1.0,7.27,JEFF corpus,right_only
,CRUSTACEA,OLIGOCHAETA,,,,PARENT-CHILD,1.0,13.41,JEFF corpus,right_only
,EPHEMEROPTERA,OLIGOCHAETA,,,,PARENT-CHILD,1.0,11.83,JEFF corpus,right_only
,MORONE,OLIVARIS,,,,PARENT-CHILD,2.0,12.83,JEFF corpus,right_only
,PERCA,OLMSTEDI,,,,CHILD-PARENT,1.0,12.19,JEFF corpus,right_only
,CLARKI,ONCHORHYNCHUS,,,,PARENT-CHILD,2.0,11.3,JEFF corpus,right_only
,MYKISS,ONCHORHYNCHUS,,,,PARENT-CHILD,5.0,9.41,JEFF corpus,right_only
,NERKA,ONCHORHYNCHUS,,,,PARENT-CHILD,1.0,8.09,JEFF corpus,right_only
,NERKU,ONCHORHYNCHUS,,,,PARENT-CHILD,1.0,11.3,JEFF corpus,right_only
,TSCHAWYTSCHA,ONCHORHYNCHUS,,,,PARENT-CHILD,1.0,11.19,JEFF corpus,right_only
,TSHAWYTSCHA,ONCHORHYNCHUS,,,,PARENT-CHILD,1.0,8.13,JEFF corpus,right_only
,KISUTCH,ONCHORHYNRUS,,,,CHILD-PARENT,1.0,7.8,JEFF corpus,right_only
,KISUTCH,ONCHORYCHUS,,,,CHILD-PARENT,1.0,7.8,JEFF corpus,right_only
,MYKISS,ONCHORYNCHUS,,,,CHILD-PARENT,2.0,8.14,JEFF corpus,right_only
,TSHAWYTSCHA,ONCORCHYNCHUS,,,,CHILD-PARENT,1.0,8.27,JEFF corpus,right_only
,NERKA,ONCORHYCHUS,,,,PARENT-CHILD,1.0,8.22,JEFF corpus,right_only
,CLARKI,ONCORHYNCHUS,,,,PARENT-CHILD,12.0,9.27,JEFF corpus,right_only
,KITSUTCH,ONCORHYNCHUS,,,,PARENT-CHILD,2.0,6.71,JEFF corpus,right_only
,MASU,ONCORHYNCHUS,,,,PARENT-CHILD,2.0,6.71,JEFF corpus,right_only
,ONCORHYNCHUS,ONCORHYNCHUS,,,,PARENT-CHILD,2.0,6.7,JEFF corpus,right_only
,RHODURUS,ONCORHYNCHUS,,,,PARENT-CHILD,2.0,6.71,JEFF corpus,right_only
,SPP,ONCORHYNCHUS,,,,PARENT-CHILD,2.0,6.71,JEFF corpus,right_only
,TSCHAWYTSCHA,ONCORHYNCHUS,,,,PARENT-CHILD,2.0,6.71,JEFF corpus,right_only
,GORBUSCHA,ONCORHYNCUS,,,,CHILD-PARENT,1.0,10.35,JEFF corpus,right_only
,KETA,ONCORHYNCUS,,,,CHILD-PARENT,1.0,10.41,JEFF corpus,right_only
,KISUTCH,ONCORHYNCUS,,,,CHILD-PARENT,4.0,9.72,JEFF corpus,right_only
,NERKA,ONCORHYNCUS,,,,CHILD-PARENT,1.0,8.11,JEFF corpus,right_only
,TSHAWYTSCHA,ONCORHYNCUS,,,,CHILD-PARENT,2.0,9.16,JEFF corpus,right_only
,KISUTCH,ONCORHYNUS,,,,CHILD-PARENT,1.0,7.8,JEFF corpus,right_only
,NERKA,ONCORLIYNCHUS,,,,CHILD-PARENT,1.0,8.22,JEFF corpus,right_only
,KISUTCH,ONCORYNCHUS,,,,CHILD-PARENT,1.0,7.79,JEFF corpus,right_only
,MYKISS,ONCORYNCHUS,,,,CHILD-PARENT,1.0,7.15,JEFF corpus,right_only
,NOTEMIGONUS,OPSOPOEODUS,,,,PARENT-CHILD,1.0,13.41,JEFF corpus,right_only
,LEPIDOPTERA,ORNATA,,,,CHILD-PARENT,1.0,12.41,JEFF corpus,right_only
,CLADOCERA,ORTHOCLADIINAE,,,,PARENT-CHILD,1.0,11.99,JEFF corpus,right_only
,TANYPODINAE,ORTHOCLADIINAE,,,,PARENT-CHILD,1.0,13.41,JEFF corpus,right_only
,MORDAX,OSMERIDAE,,,,PARENT-CHILD,2.0,11.41,JEFF corpus,right_only
,CATCH,OSSEUS,,,,PARENT-CHILD,1.0,13.99,JEFF corpus,right_only
,HIODON,OSSEUS,,,,PARENT-CHILD,2.0,12.83,JEFF corpus,right_only
,CHARACIFORMES,OSTARIOPHYSI,,,,PARENT-CHILD,1.0,13.0,JEFF corpus,right_only
,DORADIDAE,OSTARIOPHYSI,,,,PARENT-CHILD,1.0,13.0,JEFF corpus,right_only
,CHARACIDAE,OSTEICHTHYES,,,,PARENT-CHILD,1.0,11.99,JEFF corpus,right_only
,CYPINIDAE,OSTEICHTHYES,,,,PARENT-CHILD,1.0,12.68,JEFF corpus,right_only
,DORADIDAE,OSTEICHTHYES,,,,PARENT-CHILD,1.0,12.41,JEFF corpus,right_only
,SILURIFORMES,OSTEICHTHYES,,,,PARENT-CHILD,1.0,12.68,JEFF corpus,right_only
,AFFINIS,OSTRACODA,,,,PARENT-CHILD,1.0,9.41,JEFF corpus,right_only
,CHIRONOMIDAE,OSTRACODA,,,,PARENT-CHILD,1.0,12.19,JEFF corpus,right_only
,DIPTERA,OSTRACODA,,,,PARENT-CHILD,1.0,11.41,JEFF corpus,right_only
,SICYDIINAE,PANNELLA,,,,CHILD-PARENT,1.0,13.99,JEFF corpus,right_only
,DENTATIS,PARALICHTHYS,,,,PARENT-CHILD,1.0,13.99,JEFF corpus,right_only
,MYKISS,PARASALMO,,,,PARENT-CHILD,5.0,9.45,JEFF corpus,right_only
,MYKISS,PARASSALMO,,,,CHILD-PARENT,1.0,7.15,JEFF corpus,right_only
,LUCIOPERCA,PARVA,,,,PARENT-CHILD,2.0,9.75,JEFF corpus,right_only
,LINNAEUS,PCRCN,,,,CHILD-PARENT,1.0,8.03,JEFF corpus,right_only
,NANA,PEDICULUS,,,,CHILD-PARENT,1.0,13.0,JEFF corpus,right_only
,JKZVESCENS,PERCA,,,,PARENT-CHILD,1.0,6.79,JEFF corpus,right_only
,JUVIATILIS,PERCA,,,,PARENT-CHILD,2.0,7.79,JEFF corpus,right_only
,LINNAEUS,PERCA,,,,PARENT-CHILD,7.0,9.1,JEFF corpus,right_only
,THRUCHA,PERCICHTHYS,,,,PARENT-CHILD,1.0,13.0,JEFF corpus,right_only
,CYPRINIDAE,PERCIDAE,,,,PARENT-CHILD,1.0,10.54,JEFF corpus,right_only
,FLAVESCENS,PERCIDAE,,,,PARENT-CHILD,1.0,8.96,JEFF corpus,right_only
,FLUVIATILIS,PERCIDAE,,,,PARENT-CHILD,2.0,9.74,JEFF corpus,right_only
,SALMONIDAE,PERCIDAE,,,,PARENT-CHILD,2.0,11.54,JEFF corpus,right_only
,SILURIDAE,PERCIDAE,,,,PARENT-CHILD,1.0,11.54,JEFF corpus,right_only
,TELEOSTEI,PERCIDAE,,,,PARENT-CHILD,1.0,11.19,JEFF corpus,right_only
,PATHERINA,PERCINA,,,,PARENT-CHILD,1.0,10.41,JEFF corpus,right_only
,PERCINA,PERCINA,,,,PARENT-CHILD,1.0,10.09,JEFF corpus,right_only
,AUSTRALIS,PERCOIDES,,,,PARENT-CHILD,1.0,11.09,JEFF corpus,right_only
,FLUVIATILIS,PERCU,,,,CHILD-PARENT,1.0,6.84,JEFF corpus,right_only
,LOTA,PETENYI,,,,CHILD-PARENT,1.0,9.19,JEFF corpus,right_only
,LINNAEUS,PETROMYZON,,,,PARENT-CHILD,4.0,9.69,JEFF corpus,right_only
,SILURIDAE,PETROMYZONTIDAE,,,,PARENT-CHILD,1.0,13.0,JEFF corpus,right_only
,CARBOSINENSIS,PHALACROCORAX,,,,PARENT-CHILD,1.0,13.41,JEFF corpus,right_only
,LINNAEUS,PHALARIS,,,,CHILD-PARENT,1.0,8.03,JEFF corpus,right_only
,ARUNDINACEA,PHALAROIDES,,,,CHILD-PARENT,1.0,13.99,JEFF corpus,right_only
,PIMEPHALES,PHENACOBIUS,,,,PARENT-CHILD,1.0,11.99,JEFF corpus,right_only
,PHOXINUS,PHONIXUS,,,,CHILD-PARENT,1.0,9.24,JEFF corpus,right_only
,EOS,PHOSINUS,,,,CHILD-PARENT,1.0,13.41,JEFF corpus,right_only
,CEPHALUS,PHOXINUS,,,,PARENT-CHILD,2.0,8.55,JEFF corpus,right_only
,CYPRINIDAE,PHOXINUS,,,,PARENT-CHILD,1.0,11.0,JEFF corpus,right_only
,PERCINA,PHOXOCEPHALA,,,,PARENT-CHILD,1.0,11.99,JEFF corpus,right_only
,MINYTREMA,PIMEPHALES,,,,PARENT-CHILD,1.0,10.0,JEFF corpus,right_only
,FLESUS,PLATICHTYS,,,,CHILD-PARENT,1.0,12.41,JEFF corpus,right_only
,HEMIPTERA,PLECOPTERA,,,,PARENT-CHILD,2.0,11.75,JEFF corpus,right_only
,PLECOPTERA,PLECOPTERA,,,,PARENT-CHILD,1.0,11.0,JEFF corpus,right_only
,TRICHOPTERA,PLECOPTERA,,,,PARENT-CHILD,4.0,12.29,JEFF corpus,right_only
,CERATOPHYLLUM,PODOSTEMUM,,,,PARENT-CHILD,3.0,13.99,JEFF corpus,right_only
,POECILIIDAE,POECILIA,,,,PARENT-CHILD,1.0,9.91,JEFF corpus,right_only
,HOLBROOKI,POECILIDAE,,,,CHILD-PARENT,1.0,9.3,JEFF corpus,right_only
,PERCIDAE,POECILIIDAE,,,,PARENT-CHILD,1.0,12.19,JEFF corpus,right_only
,SALMONIDAE,POECILIIDAE,,,,PARENT-CHILD,1.0,10.91,JEFF corpus,right_only
,TELEOSTEI,POECILIIDAE,,,,PARENT-CHILD,1.0,11.83,JEFF corpus,right_only
,RETICULATA,POECILLIA,,,,CHILD-PARENT,2.0,11.3,JEFF corpus,right_only
,PEDICULUS,POLYPHEMUS,,,,PARENT-CHILD,1.0,13.41,JEFF corpus,right_only
,PARTITUS,POMACENTRUS,,,,CHILD-PARENT,1.0,13.41,JEFF corpus,right_only
,INUTES,POMATOSCHISTUS,,,,PARENT-CHILD,1.0,11.99,JEFF corpus,right_only
,NIGRORNUCULATUS,POMOXIS,,,,PARENT-CHILD,1.0,10.54,JEFF corpus,right_only
,ALBA,POPULUS,,,,PARENT-CHILD,1.0,13.41,JEFF corpus,right_only
,PLATANUS,POPULUS,,,,PARENT-CHILD,1.0,13.41,JEFF corpus,right_only
,ANNULARIS,PORNOXIS,,,,CHILD-PARENT,1.0,11.19,JEFF corpus,right_only
,NIGROMACULATUS,PORNOXIS,,,,CHILD-PARENT,1.0,11.09,JEFF corpus,right_only
,ILLINOENSIS,POTAMOGETON,,,,PARENT-CHILD,2.0,13.19,JEFF corpus,right_only
,CLARCII,PROCAMBARUS,,,,PARENT-CHILD,1.0,11.54,JEFF corpus,right_only
,CLARKII,PROCAMBARUS,,,,PARENT-CHILD,9.0,13.41,JEFF corpus,right_only
,OSTEICHTHYES,PROMELAS,,,,PARENT-CHILD,1.0,13.99,JEFF corpus,right_only
,WILLIAMSONI,PROPOSIUM,,,,CHILD-PARENT,1.0,11.41,JEFF corpus,right_only
,MARMORATUS,PROTERORCHINUS,,,,CHILD-PARENT,1.0,9.5,JEFF corpus,right_only
,MELANOSTOMUS,PROTERORHINUS,,,,PARENT-CHILD,1.0,8.65,JEFF corpus,right_only
,MAREANA,PROTOTROCTES,,,,PARENT-CHILD,5.0,13.99,JEFF corpus,right_only
,MAYLANDIA,PSEUDOTROPHEUS,,,,PARENT-CHILD,1.0,13.0,JEFF corpus,right_only
,ZEBRA,PSEUDOTROPHEUS,,,,PARENT-CHILD,2.0,13.41,JEFF corpus,right_only
,PERUGIA,PUNCTATUM,,,,PARENT-CHILD,3.0,13.41,JEFF corpus,right_only
,ETHEOSTOMA,PUNCTULATUS,,,,PARENT-CHILD,1.0,12.41,JEFF corpus,right_only
,SALMO,PUNGITIUS,,,,PARENT-CHILD,1.0,12.41,JEFF corpus,right_only
,PUNGITIUS,PUNGITUS,,,,CHILD-PARENT,1.0,9.35,JEFF corpus,right_only
,PUNGITIUS,PYGOSTEUS,,,,PARENT-CHILD,2.0,10.27,JEFF corpus,right_only
,PUNGITUS,PYGOSTEUS,,,,PARENT-CHILD,2.0,13.41,JEFF corpus,right_only
,MORONE,PYLODICTIS,,,,PARENT-CHILD,2.0,11.91,JEFF corpus,right_only
,OLI,PYLODICTIS,,,,PARENT-CHILD,1.0,11.54,JEFF corpus,right_only
,ILEX,QUERCUS,,,,PARENT-CHILD,1.0,13.41,JEFF corpus,right_only
,POPULUS,QUERCUS,,,,PARENT-CHILD,1.0,13.41,JEFF corpus,right_only
,POECILIIDAE,RETICULATA,,,,PARENT-CHILD,1.0,13.0,JEFF corpus,right_only
,OSCULUS,RHINICHTHYES,,,,CHILD-PARENT,1.0,11.67,JEFF corpus,right_only
,CYPRINIDAE,RHODEUS,,,,PARENT-CHILD,2.0,10.35,JEFF corpus,right_only
,SALIX,RIVER,,,,CHILD-PARENT,1.0,10.75,JEFF corpus,right_only
,CLADOCERA,ROTIFERA,,,,PARENT-CHILD,1.0,11.99,JEFF corpus,right_only
,PROTOZOA,ROTIFERA,,,,PARENT-CHILD,1.0,13.41,JEFF corpus,right_only
,CENTRARCHIDAE,RUPESTRIS,,,,PARENT-CHILD,2.0,13.41,JEFF corpus,right_only
,RUTILIS,RUTILIS,,,,PARENT-CHILD,2.0,13.41,JEFF corpus,right_only
,RUTILUS,RUTILIS,,,,PARENT-CHILD,2.0,8.24,JEFF corpus,right_only
,RUTILUS,RUTILU,,,,PARENT-CHILD,1.0,7.27,JEFF corpus,right_only
,ALBURNUS,RUTILUS,,,,PARENT-CHILD,1.0,9.57,JEFF corpus,right_only
,BJOERKNA,RUTILUS,,,,PARENT-CHILD,1.0,9.75,JEFF corpus,right_only
,BRAMA,RUTILUS,,,,PARENT-CHILD,2.0,9.85,JEFF corpus,right_only
,CEPHALUS,RUTILUS,,,,PARENT-CHILD,1.0,8.81,JEFF corpus,right_only
,FLUVIATILIS,RUTILUS,,,,PARENT-CHILD,4.0,10.525,JEFF corpus,right_only
,LUCIUS,RUTILUS,,,,PARENT-CHILD,1.0,7.4,JEFF corpus,right_only
,PERCA,RUTILUS,,,,PARENT-CHILD,1.0,12.68,JEFF corpus,right_only
,RURILUS,RUTILUS,,,,PARENT-CHILD,1.0,7.32,JEFF corpus,right_only
,SALMO,RUTILUS,,,,PARENT-CHILD,2.0,9.1,JEFF corpus,right_only
,SERICEUS,RUTILUS,,,,PARENT-CHILD,1.0,9.83,JEFF corpus,right_only
,TINCA,RUTILUS,,,,PARENT-CHILD,1.0,9.53,JEFF corpus,right_only
,LATIFOLIA,SAGITTARIA,,,,PARENT-CHILD,1.0,13.41,JEFF corpus,right_only
,LINNAEUS,SALAR,,,,PARENT-CHILD,3.0,9.58,JEFF corpus,right_only
,ALNUS,SALIX,,,,PARENT-CHILD,1.0,13.99,JEFF corpus,right_only
,GAIRDNERI,SALMO,,,,PARENT-CHILD,53.0,10.18,JEFF corpus,right_only
,GAIRDNERII,SALMO,,,,CHILD-PARENT,1.0,4.5,JEFF corpus,right_only
,LINNAEUS,SALMO,,,,PARENT-CHILD,17.0,8.47,JEFF corpus,right_only
,MYKISS,SALMO,,,,CHILD-PARENT,2.0,5.29,JEFF corpus,right_only
,ONCORHYNCHUS,SALMO,,,,PARENT-CHILD,5.0,6.82,JEFF corpus,right_only
,ARTEDI,SALMONIDAE,,,,PARENT-CHILD,1.0,10.24,JEFF corpus,right_only
,CENTRARCHIDAE,SALMONIDAE,,,,PARENT-CHILD,1.0,10.75,JEFF corpus,right_only
,HOYI,SALMONIDAE,,,,PARENT-CHILD,1.0,10.35,JEFF corpus,right_only
,SALMONIDAE,SALMONIDAE,,,,PARENT-CHILD,3.0,11.72,JEFF corpus,right_only
,SILURIDAE,SALMONIDAE,,,,PARENT-CHILD,1.0,10.82,JEFF corpus,right_only
,UMBRIDAE,SALMONIDAE,,,,PARENT-CHILD,3.0,12.33,JEFF corpus,right_only
,CARPIODES,SALVELINUS,,,,CHILD-PARENT,1.0,13.0,JEFF corpus,right_only
,CYPRINUS,SALVELINUS,,,,CHILD-PARENT,1.0,13.0,JEFF corpus,right_only
,LINNEAUS,SALVELINUS,,,,PARENT-CHILD,2.0,6.22,JEFF corpus,right_only
,WILLUGHBII,SALVELINUS,,,,PARENT-CHILD,4.0,7.23,JEFF corpus,right_only
,CANADENSE,SANDER,,,,PARENT-CHILD,1.0,8.87,JEFF corpus,right_only
,VITREUM,SANDER,,,,PARENT-CHILD,2.0,9.56,JEFF corpus,right_only
,ERYTHROPH,SCARDINIUS,,,,PARENT-CHILD,2.0,10.82,JEFF corpus,right_only
,ERYTHROPHTALMUS,SCARDINIUS,,,,PARENT-CHILD,3.0,11.37,JEFF corpus,right_only
,ERYTHROPHTHALMUS,SCARDINUS,,,,PARENT-CHILD,3.0,11.3,JEFF corpus,right_only
,PUNGITIUS,SCHISTOCEPHALUS,,,,CHILD-PARENT,2.0,9.93,JEFF corpus,right_only
,GRUNNIENS,SCIAENIDAE,,,,PARENT-CHILD,1.0,11.83,JEFF corpus,right_only
,MAXIMUS,SCOPHTHALMUS,,,,PARENT-CHILD,4.0,13.99,JEFF corpus,right_only
,GAIRDNERI,SDMO,,,,PARENT-CHILD,2.0,10.16,JEFF corpus,right_only
,MELANOSTOMUS,SEMILUNARIS,,,,PARENT-CHILD,1.0,8.85,JEFF corpus,right_only
,CEPHALUS,SERICEUS,,,,CHILD-PARENT,1.0,9.0,JEFF corpus,right_only
,CYPRINIDAE,SERICEUS,,,,CHILD-PARENT,2.0,11.91,JEFF corpus,right_only
,LUCIOPERCA,SFIZOSTEDION,,,,CHILD-PARENT,1.0,8.76,JEFF corpus,right_only
,AFFINIS,SHUMARDI,,,,PARENT-CHILD,1.0,9.48,JEFF corpus,right_only
,2011A,SICYDIINAE,,,,PARENT-CHILD,1.0,11.83,JEFF corpus,right_only
,2011B,SICYDIINAE,,,,PARENT-CHILD,1.0,11.83,JEFF corpus,right_only
,ET,SICYDIINAE,,,,PARENT-CHILD,1.0,11.83,JEFF corpus,right_only
,GENUS,SICYDIINAE,,,,PARENT-CHILD,1.0,11.67,JEFF corpus,right_only
,KEITH,SICYDIINAE,,,,PARENT-CHILD,2.0,12.41,JEFF corpus,right_only
,LAGOCEPHALUS,SICYDIINAE,,,,PARENT-CHILD,1.0,9.12,JEFF corpus,right_only
,LORD,SICYDIINAE,,,,PARENT-CHILD,1.0,11.83,JEFF corpus,right_only
,SICYOPTERUS,SICYDIINAE,,,,PARENT-CHILD,1.0,13.41,JEFF corpus,right_only
,SPECIE,SICYDIINAE,,,,PARENT-CHILD,1.0,11.41,JEFF corpus,right_only
,ANTILLARUM,SICYDIUM,,,,PARENT-CHILD,4.0,12.19,JEFF corpus,right_only
,PERUGIA,SICYDIUM,,,,PARENT-CHILD,3.0,11.67,JEFF corpus,right_only
,EXTRANEUS,SICYOPTERUS,,,,PARENT-CHILD,1.0,8.54,JEFF corpus,right_only
,AGENEIOSUS,SILURIFORMES,,,,PARENT-CHILD,1.0,12.68,JEFF corpus,right_only
,HEMISORUBIM,SILURIFORMES,,,,PARENT-CHILD,1.0,12.68,JEFF corpus,right_only
,MAGOI,SILURIFORMES,,,,PARENT-CHILD,1.0,12.68,JEFF corpus,right_only
,PLATYRHYNCHOS,SILURIFORMES,,,,PARENT-CHILD,1.0,12.68,JEFF corpus,right_only
,LINNAEUS,SILURUS,,,,PARENT-CHILD,1.0,7.81,JEFF corpus,right_only
,DIPTERA,SIMULIIDAE,,,,PARENT-CHILD,1.0,11.54,JEFF corpus,right_only
,EPHEMEROPTERA,SIMULIIDAE,,,,PARENT-CHILD,1.0,11.83,JEFF corpus,right_only
,RUTILUS,SOREX,,,,CHILD-PARENT,1.0,12.19,JEFF corpus,right_only
,SYLVATICA,SOREX,,,,CHILD-PARENT,1.0,13.0,JEFF corpus,right_only
,THYMALLUS,SOUFFIA,,,,PARENT-CHILD,1.0,8.82,JEFF corpus,right_only
,ERECTUM,SPARGANIUM,,,,PARENT-CHILD,1.0,13.99,JEFF corpus,right_only
,MUGILIDAE,SPARIDAE,,,,PARENT-CHILD,1.0,13.99,JEFF corpus,right_only
,FLABELLARE,SPECTABILE,,,,PARENT-CHILD,1.0,10.68,JEFF corpus,right_only
,GRUNNIENS,SPECTABILE,,,,PARENT-CHILD,1.0,11.67,JEFF corpus,right_only
,HYBOPSIS,SPILOPTERA,,,,PARENT-CHILD,1.0,13.0,JEFF corpus,right_only
,ALBURNOIDES,SQUALIUS,,,,PARENT-CHILD,1.0,10.19,JEFF corpus,right_only
,BARBUS,SQUALIUS,,,,PARENT-CHILD,1.0,10.19,JEFF corpus,right_only
,PELOPONNENSIS,SQUALIUS,,,,PARENT-CHILD,1.0,10.19,JEFF corpus,right_only
,RUTILUS,SQUALIUS,,,,PARENT-CHILD,1.0,7.1,JEFF corpus,right_only
,CANADENSE,STIZOSTEDION,,,,PARENT-CHILD,2.0,9.95,JEFF corpus,right_only
,LUCIOPERCA,STIZOSTEDION,,,,PARENT-CHILD,44.0,13.36,JEFF corpus,right_only
,VITREUM,STIZOSTEDION,,,,PARENT-CHILD,16.0,12.62,JEFF corpus,right_only
,VOLGENSIS,STIZOSTEDION,,,,PARENT-CHILD,1.0,9.0,JEFF corpus,right_only
,LUCIOPERCA,STIZOSTEDIUM,,,,PARENT-CHILD,2.0,9.75,JEFF corpus,right_only
,VITREUM,STIZOSTEDON,,,,CHILD-PARENT,1.0,10.6,JEFF corpus,right_only
,VITREUM,STIZOTEDION,,,,CHILD-PARENT,1.0,10.6,JEFF corpus,right_only
,ANOMALUM,STREAM,,,,CHILD-PARENT,3.0,12.68,JEFF corpus,right_only
,CAMPOSTOMA,STREAM,,,,CHILD-PARENT,3.0,12.68,JEFF corpus,right_only
,CHONDROSTOMA,STUDY,,,,CHILD-PARENT,1.0,11.19,JEFF corpus,right_only
,GUIRDNERI,SULMO,,,,PARENT-CHILD,9.0,13.53,JEFF corpus,right_only
,TRUTTA,SULMO,,,,PARENT-CHILD,7.0,8.3,JEFF corpus,right_only
,ALPINUS,SULVELINUS,,,,PARENT-CHILD,1.0,6.06,JEFF corpus,right_only
,MERIALUEILLA,SUOMEN,,,,PARENT-CHILD,1.0,13.99,JEFF corpus,right_only
,GLANIS,TAENIA,,,,PARENT-CHILD,1.0,11.19,JEFF corpus,right_only
,CAROLINAE,TALLAPOOSA,,,,CHILD-PARENT,1.0,11.67,JEFF corpus,right_only
,ANGUILLIDAE,TELEOSTEI,,,,PARENT-CHILD,1.0,11.09,JEFF corpus,right_only
,CHARACIDAE,TELEOSTEI,,,,PARENT-CHILD,1.0,10.82,JEFF corpus,right_only
,CHRENUCHIDAE,TELEOSTEI,,,,PARENT-CHILD,1.0,11.09,JEFF corpus,right_only
,CICHLIDAE,TELEOSTEI,,,,PARENT-CHILD,1.0,10.91,JEFF corpus,right_only
,COBITIDAE,TELEOSTEI,,,,PARENT-CHILD,1.0,11.09,JEFF corpus,right_only
,COTTIDAE,TELEOSTEI,,,,PARENT-CHILD,1.0,11.09,JEFF corpus,right_only
,CYPRINIDAE,TELEOSTEI,,,,PARENT-CHILD,5.0,12.51,JEFF corpus,right_only
,GOBIIDAE,TELEOSTEI,,,,PARENT-CHILD,1.0,10.82,JEFF corpus,right_only
,OSTEOGLOSSIDAE,TELEOSTEI,,,,PARENT-CHILD,2.0,11.83,JEFF corpus,right_only
,SANDER,TELEOSTEI,,,,PARENT-CHILD,1.0,12.41,JEFF corpus,right_only
,VITREUS,TELEOSTEI,,,,PARENT-CHILD,1.0,12.41,JEFF corpus,right_only
,THYMALLUS,TELESTES,,,,PARENT-CHILD,1.0,8.81,JEFF corpus,right_only
,LEPIDOPTERA,TETRIX,,,,CHILD-PARENT,1.0,12.41,JEFF corpus,right_only
,CATOSTOMIDAE,TEXANUS,,,,PARENT-CHILD,1.0,13.0,JEFF corpus,right_only
,VIGILAX,TEXANUS,,,,PARENT-CHILD,1.0,11.54,JEFF corpus,right_only
,THYMALLUS,THAMALLUS,,,,CHILD-PARENT,1.0,8.82,JEFF corpus,right_only
,LINNAEUS,THYMALLUS,,,,PARENT-CHILD,2.0,7.575,JEFF corpus,right_only
,SALMONIDAE,THYMALLUS,,,,PARENT-CHILD,2.0,11.75,JEFF corpus,right_only
,TINCA,THYMALLUS,,,,PARENT-CHILD,4.0,9.85,JEFF corpus,right_only
,ARCTICUS,THYMALUS,,,,CHILD-PARENT,1.0,9.83,JEFF corpus,right_only
,COLEOPTERA,THYSANOPTERA,,,,PARENT-CHILD,1.0,13.0,JEFF corpus,right_only
,MOSSAMBICA,TILAPIA,,,,PARENT-CHILD,1.0,11.09,JEFF corpus,right_only
,NILOTICA,TILAPIA,,,,PARENT-CHILD,3.0,12.49,JEFF corpus,right_only
,DELINEATUS,TINCA,,,,PARENT-CHILD,1.0,11.54,JEFF corpus,right_only
,ERYTHROPHTHALMUS,TINCA,,,,PARENT-CHILD,1.0,9.67,JEFF corpus,right_only
,LUCIUS,TINCA,,,,PARENT-CHILD,1.0,7.47,JEFF corpus,right_only
,PHOXINUS,TINCA,,,,PARENT-CHILD,1.0,9.16,JEFF corpus,right_only
,CHIRONOMIDAE,TRICHOPTERA,,,,PARENT-CHILD,1.0,11.0,JEFF corpus,right_only
,DIPTERA,TRICHOPTERA,,,,PARENT-CHILD,2.0,11.61,JEFF corpus,right_only
,EPHEMEROPTERA,TRICHOPTERA,,,,PARENT-CHILD,1.0,10.75,JEFF corpus,right_only
,LEPIDOPTERA,TRICHOPTERA,,,,PARENT-CHILD,1.0,10.91,JEFF corpus,right_only
,MEGALOPTERA,TRICHOPTERA,,,,PARENT-CHILD,1.0,11.19,JEFF corpus,right_only
,MOLLUSCA,TRICHOPTERA,,,,PARENT-CHILD,1.0,11.19,JEFF corpus,right_only
,ODONATA,TRICHOPTERA,,,,PARENT-CHILD,2.0,11.67,JEFF corpus,right_only
,TRICHOPTERA,TRICHOPTERA,,,,PARENT-CHILD,3.0,11.63,JEFF corpus,right_only
,HAASI,TRUTTA,,,,CHILD-PARENT,1.0,10.41,JEFF corpus,right_only
,LINNAEUS,TRUTTA,,,,PARENT-CHILD,14.0,11.67,JEFF corpus,right_only
,MYKISS,TRUTTA,,,,CHILD-PARENT,1.0,7.05,JEFF corpus,right_only
,THYMALLUS,TRUTTA,,,,CHILD-PARENT,1.0,8.54,JEFF corpus,right_only
,LATIFOLIA,TYPHA,,,,PARENT-CHILD,1.0,13.41,JEFF corpus,right_only
,VULGARIS,UTRICULARIA,,,,CHILD-PARENT,1.0,12.68,JEFF corpus,right_only
,AMERICUNA,VALLISNERIA,,,,PARENT-CHILD,3.0,13.99,JEFF corpus,right_only
,CYPRINIFORMES,VENUSTA,,,,PARENT-CHILD,1.0,13.99,JEFF corpus,right_only
,BAY,VICTORIA,,,,PARENT-CHILD,1.0,12.41,JEFF corpus,right_only
,ISLAND,VICTORIA,,,,PARENT-CHILD,1.0,13.0,JEFF corpus,right_only
,NYEREREI,VICTORIA,,,,PARENT-CHILD,1.0,11.41,JEFF corpus,right_only
,ESOX,VISON,,,,PARENT-CHILD,1.0,11.99,JEFF corpus,right_only
,LUCIUS,VISON,,,,PARENT-CHILD,1.0,11.99,JEFF corpus,right_only
,HIODON,VITREUM,,,,PARENT-CHILD,1.0,11.99,JEFF corpus,right_only
,CANADENSIS,VITREUS,,,,PARENT-CHILD,1.0,10.82,JEFF corpus,right_only
,PERCINA,VOLUCELLUS,,,,PARENT-CHILD,1.0,11.99,JEFF corpus,right_only
,SULVELINUS,WATER,,,,CHILD-PARENT,1.0,11.67,JEFF corpus,right_only
,HYBOPSIS,WHIPPLEI,,,,PARENT-CHILD,1.0,13.0,JEFF corpus,right_only
,CALLITRICHE,ZANNICHELLIA,,,,CHILD-PARENT,1.0,13.99,JEFF corpus,right_only
