source,target,relations,hits,score,score.1,Hits,Score
ABRAMIS,BALLERUS,PARENT-CHILD,1.0,8.96,8.96,1.0,8.96
ABRAMIS,BJOERKNA,PARENT-CHILD,8.0,11.5,11.5,8.0,11.5
ABRAMIS,BRAMA,PARENT-CHILD,54.0,13.81,13.81,54.0,13.81
ABRAMIS,HRAMA,PARENT-CHILD,1.0,8.98,8.98,1.0,8.98
ACANTHOPAGRUS,BUTCHERI,PARENT-CHILD,3.0,13.77,13.77,3.0,13.77
ACANTHOPAGRUS,SCHLEGELI,PARENT-CHILD,1.0,12.68,12.68,1.0,12.68
ACANTHURUS,TRIOSTEGUS,PARENT-CHILD,1.0,13.99,13.99,1.0,13.99
ACARI,TETRANYCHIDAE,PARENT-CHILD,1.0,13.99,13.99,1.0,13.99
ACARINA,CLADOCERA,PARENT-CHILD,1.0,12.19,12.19,1.0,12.19
ACERINA,CERNUA,CHILD-PARENT,1.0,11.09,11.09,1.0,11.09
ACID,ALBULA,CHILD-PARENT,1.0,12.19,12.19,1.0,12.19
ACID,COREGONUS,CHILD-PARENT,1.0,12.19,12.19,1.0,12.19
ACIPENSER,BAERII,PARENT-CHILD,1.0,11.3,11.3,1.0,11.3
ACIPENSER,FULVESCENS,PARENT-CHILD,3.0,12.68,12.68,3.0,12.68
ACIPENSER,RUTHENUS,PARENT-CHILD,2.0,12.19,12.19,2.0,12.19
ACIPENSER,STURIO,PARENT-CHILD,1.0,11.3,11.3,1.0,11.3
ACIPENSER,TRANSMONTANUS,PARENT-CHILD,5.0,13.23,13.23,5.0,13.23
ACTINOPTERYGII,CYPRINODONTIFORMES,PARENT-CHILD,1.0,13.41,13.41,1.0,13.41
ACTINOPTERYGII,OSTEOGLOSSIDAE,PARENT-CHILD,1.0,12.41,12.41,1.0,12.41
ACULEATUS,LINNAEUS,PARENT-CHILD,5.0,10.3,10.3,5.0,10.3
ACULEATUS,PUNGITIUS,PARENT-CHILD,1.0,9.21,9.21,1.0,9.21
ADULT,HOYI,CHILD-PARENT,1.0,12.68,12.68,1.0,12.68
AESHNA,ACULEATUS,PARENT-CHILD,1.0,8.34,8.34,1.0,8.34
AFFINIS,HOLBROOKI,PARENT-CHILD,1.0,9.27,9.27,1.0,9.27
AFFINIS,MYERSII,PARENT-CHILD,1.0,13.0,13.0,1.0,13.0
AFRICANA,LOTUS,PARENT-CHILD,1.0,13.41,13.41,1.0,13.41
AGRARIA,MOLINA,CHILD-PARENT,1.0,13.99,13.99,1.0,13.99
ALBULA,RUTILUS,PARENT-CHILD,1.0,7.27,7.27,1.0,7.27
ALBURNUS,ALBURNUS,PARENT-CHILD,28.0,13.92,13.92,28.0,13.92
ALBURNUS,CEPHALUS,PARENT-CHILD,2.0,10.02,10.02,2.0,10.02
ALNUS,GLUTINOSA,PARENT-CHILD,4.0,13.99,13.99,4.0,13.99
ALONELLA,NANA,CHILD-PARENT,1.0,12.68,12.68,1.0,12.68
ALONELLA,ROSTRATA,CHILD-PARENT,1.0,9.83,9.83,1.0,9.83
ALOSA,ALOSA,PARENT-CHILD,13.0,12.68,12.68,13.0,12.68
ALOSA,CHRYSOCHLORIS,PARENT-CHILD,1.0,9.27,9.27,1.0,9.27
ALOSA,FALLAX,PARENT-CHILD,4.0,11.17,11.17,4.0,11.17
ALOSA,PSEUDOHARENGUS,PARENT-CHILD,13.0,12.68,12.68,13.0,12.68
ALOSA,PSUEDOHARENGUS,PARENT-CHILD,2.0,10.21,10.21,2.0,10.21
ALOSA,SAPIDISSIMA,PARENT-CHILD,18.0,11.125,11.125,18.0,11.125
ALOSA,SAPISISSIMA,PARENT-CHILD,1.0,9.27,9.27,1.0,9.27
ALPINUS,LINNAEUS,CHILD-PARENT,1.0,8.01,8.01,1.0,8.01
ALPINUS,LINNEAUS,PARENT-CHILD,2.0,12.54,12.54,2.0,12.54
ALUTACEUS,BALTEATUS,CHILD-PARENT,1.0,11.19,11.19,1.0,11.19
AMARUS,BRAMA,PARENT-CHILD,1.0,9.09,9.09,1.0,9.09
AMBIGUA,PERCICHTHYIDAE,PARENT-CHILD,1.0,12.68,12.68,1.0,12.68
AMBLOPLITES,RUPESTRIS,PARENT-CHILD,15.0,13.69,13.69,15.0,13.69
AMBLOPLITES,RUSPESTRIS,PARENT-CHILD,1.0,10.91,10.91,1.0,10.91
AMEIURUS,AURATUS,PARENT-CHILD,1.0,9.67,9.67,1.0,9.67
AMEIURUS,NATALIS,PARENT-CHILD,1.0,11.67,11.67,1.0,11.67
AMEIURUS,NEBULOSUS,PARENT-CHILD,5.0,13.62,13.62,5.0,13.62
AMEIURUS,PERCA,PARENT-CHILD,1.0,11.19,11.19,1.0,11.19
AMIEURUS,NATALIS,CHILD-PARENT,1.0,13.41,13.41,1.0,13.41
AMNIATABA,PERCOIDES,PARENT-CHILD,2.0,13.99,13.99,2.0,13.99
AMPHILIUS,LONGIROSTRIS,CHILD-PARENT,1.0,13.0,13.0,1.0,13.0
AMPHIPODA,EPHEMEROPTERA,PARENT-CHILD,1.0,11.3,11.3,1.0,11.3
AMPHIPODA,GASTROPODA,PARENT-CHILD,1.0,11.99,11.99,1.0,11.99
AMPHIPODA,HEMIPTERA,PARENT-CHILD,2.0,11.83,11.83,2.0,11.83
AMPHIPODA,TRICHOPTERA,PARENT-CHILD,2.0,11.35,11.35,2.0,11.35
ANCISTRUS,RINELORICARIA,PARENT-CHILD,1.0,13.99,13.99,1.0,13.99
ANGUILLA,ANGUILLA,PARENT-CHILD,52.0,12.86,12.86,52.0,12.86
ANGUILLA,AUSTRALIS,PARENT-CHILD,10.0,10.74,10.74,10.0,10.74
ANGUILLA,DIEFFENBACHIA,PARENT-CHILD,1.0,7.52,7.52,1.0,7.52
ANGUILLA,DIEFFENBACHII,PARENT-CHILD,26.0,12.03,12.03,26.0,12.03
ANGUILLA,JAPONICA,PARENT-CHILD,50.0,12.79,12.79,50.0,12.79
ANGUILLA,MARMORATA,PARENT-CHILD,4.0,9.5,9.5,4.0,9.5
ANGUILLA,REINHARDTII,PARENT-CHILD,1.0,7.52,7.52,1.0,7.52
ANGUILLA,ROSTRATA,PARENT-CHILD,32.0,12.27,12.27,32.0,12.27
ANGUILLA,VULGARIS,PARENT-CHILD,1.0,7.5,7.5,1.0,7.5
ANGUILLIDAE,CENTRARCHIDAE,PARENT-CHILD,1.0,12.68,12.68,1.0,12.68
ANNALES,FENNICA,PARENT-CHILD,1.0,13.99,13.99,1.0,13.99
ANNULARIS,ETHEOSTOMA,PARENT-CHILD,1.0,12.41,12.41,1.0,12.41
ANOLIS,SAGREI,PARENT-CHILD,2.0,13.99,13.99,2.0,13.99
ANOMALUM,ATROMACULATUS,PARENT-CHILD,1.0,10.47,10.47,1.0,10.47
ANURA,OCULATUS,PARENT-CHILD,1.0,11.41,11.41,1.0,11.41
APHREDODERUS,SAYANUS,PARENT-CHILD,1.0,13.99,13.99,1.0,13.99
APLODINOTUS,GRUNNIENS,PARENT-CHILD,6.0,13.77,13.77,6.0,13.77
APOLLONIA,MELANOSTOMA,CHILD-PARENT,1.0,13.41,13.41,1.0,13.41
APOLLONIA,MELANOSTOMUS,CHILD-PARENT,1.0,8.82,8.82,1.0,8.82
ARACHNIDA,HEMIPTERA,PARENT-CHILD,1.0,11.3,11.3,1.0,11.3
ARACHNIDAE,COLLEMBOLA,PARENT-CHILD,1.0,13.41,13.41,1.0,13.41
ARAPAIMA,GIGAS,PARENT-CHILD,14.0,13.99,13.99,14.0,13.99
ARDEA,CINERA,PARENT-CHILD,2.0,13.0,13.0,2.0,13.0
ARDEA,CINEREA,PARENT-CHILD,4.0,13.67,13.67,4.0,13.67
ARDEA,ESOX,PARENT-CHILD,1.0,11.99,11.99,1.0,11.99
ARDEA,LUCIUS,PARENT-CHILD,1.0,11.99,11.99,1.0,11.99
ARISTICHTHYS,NOBILIS,CHILD-PARENT,2.0,13.67,13.67,2.0,13.67
ARNBLOPLITES,RUPESTRIS,CHILD-PARENT,1.0,10.54,10.54,1.0,10.54
ARUNDINACEA,LINNAEUS,PARENT-CHILD,1.0,8.03,8.03,1.0,8.03
ASOTUS,LINNAEUS,CHILD-PARENT,1.0,8.03,8.03,1.0,8.03
ASPECTOS,REPRODUCTIVOS,PARENT-CHILD,1.0,13.99,13.99,1.0,13.99
ASPIUS,ASPIUS,PARENT-CHILD,7.0,13.9,13.9,7.0,13.9
ASTROBLEPUS,UBIDIAI,PARENT-CHILD,1.0,13.99,13.99,1.0,13.99
ASTYANAX,BIMACULATUS,PARENT-CHILD,1.0,11.0,11.0,1.0,11.0
ASTYANAX,CICHLA,PARENT-CHILD,1.0,11.0,11.0,1.0,11.0
ASTYANAX,FASCIATUS,PARENT-CHILD,1.0,10.04,10.04,1.0,10.04
ASTYANAX,INTERMEDIUS,PARENT-CHILD,11.0,13.6,13.6,11.0,13.6
ASTYANAX,MEXICANUS,PARENT-CHILD,1.0,11.0,11.0,1.0,11.0
ATHERINA,BOYERI,PARENT-CHILD,1.0,13.99,13.99,1.0,13.99
ATHERINIDAE,ATHERINOPSIDAE,PARENT-CHILD,1.0,13.99,13.99,1.0,13.99
ATRACTOSTEUS,SPATULA,PARENT-CHILD,6.0,13.99,13.99,6.0,13.99
ATRATULUS,CATARACTAE,PARENT-CHILD,1.0,10.91,10.91,1.0,10.91
AURATA,LINNAEUS,PARENT-CHILD,1.0,8.03,8.03,1.0,8.03
AURATUS,HASSELTI,PARENT-CHILD,1.0,12.68,12.68,1.0,12.68
AURATUS,SCLATERI,PARENT-CHILD,1.0,11.0,11.0,1.0,11.0
AURATUS,SPARIDAE,PARENT-CHILD,1.0,12.68,12.68,1.0,12.68
AWAOS,MELANOCEPHALUS,CHILD-PARENT,1.0,13.41,13.41,1.0,13.41
AZOLLA,AFRICANA,CHILD-PARENT,1.0,13.99,13.99,1.0,13.99
BAETIDAE,HEPTAGENIIDAE,PARENT-CHILD,1.0,13.41,13.41,1.0,13.41
BAETIDAE,SIPHLONURIDAE,PARENT-CHILD,1.0,13.41,13.41,1.0,13.41
BAILEYI,NOTROPIS,PARENT-CHILD,1.0,13.0,13.0,1.0,13.0
BALLERUS,BALLERUS,CHILD-PARENT,1.0,13.41,13.41,1.0,13.41
BARBATULA,BARBATULA,PARENT-CHILD,16.0,13.95,13.95,16.0,13.95
BARBATULA,LINNAEUS,PARENT-CHILD,2.0,7.945,7.945,2.0,7.945
BARBUS,BARBUS,PARENT-CHILD,59.0,13.61,13.61,59.0,13.61
BARBUS,BOCAGEI,PARENT-CHILD,4.0,10.41,10.41,4.0,10.41
BARBUS,BRAZZAI,PARENT-CHILD,1.0,8.46,8.46,1.0,8.46
BARBUS,CAMPTACANTHUS,PARENT-CHILD,1.0,8.46,8.46,1.0,8.46
BARBUS,COMIZA,PARENT-CHILD,1.0,8.46,8.46,1.0,8.46
BARBUS,HAASI,PARENT-CHILD,6.0,10.95,10.95,6.0,10.95
BARBUS,MICROCEPHALUS,PARENT-CHILD,3.0,10.01,10.01,3.0,10.01
BARBUS,PETENYI,PARENT-CHILD,5.0,10.72,10.72,5.0,10.72
BARBUS,SCLATERI,PARENT-CHILD,12.0,11.87,11.87,12.0,11.87
BARHUS,BARBUS,CHILD-PARENT,1.0,9.02,9.02,1.0,9.02
BATRACHIUM,MYRIOPHYLLUM,CHILD-PARENT,1.0,13.99,13.99,1.0,13.99
BETULA,NANA,PARENT-CHILD,1.0,13.0,13.0,1.0,13.0
BFICCA,BJOERKNA,CHILD-PARENT,1.0,10.19,10.19,1.0,10.19
BIPUNCTATUS,BARBUS,CHILD-PARENT,1.0,9.02,9.02,1.0,9.02
BIVALVIA,CLADOCERA,PARENT-CHILD,1.0,11.67,11.67,1.0,11.67
BIVALVIA,MYTILIDAE,PARENT-CHILD,2.0,13.41,13.41,2.0,13.41
BIVALVIA,VENEROIDA,PARENT-CHILD,1.0,12.68,12.68,1.0,12.68
BJOERKNA,ERYTHROPHTHALMUS,PARENT-CHILD,1.0,9.75,9.75,1.0,9.75
BJOERKNA,FLUVIATILIS,PARENT-CHILD,1.0,6.83,6.83,1.0,6.83
BLENNIUS,FLUVIATILIS,CHILD-PARENT,1.0,6.84,6.84,1.0,6.84
BLICCA,BJOERKNA,PARENT-CHILD,14.0,13.48,13.48,14.0,13.48
BOSMINA,COREGONI,PARENT-CHILD,1.0,12.68,12.68,1.0,12.68
BOSMINA,LONGISPINA,PARENT-CHILD,3.0,13.58,13.58,3.0,13.58
BOSMINA,TRICHOPTERA,PARENT-CHILD,1.0,12.68,12.68,1.0,12.68
BOSRNINA,LONGISPINA,CHILD-PARENT,1.0,12.68,12.68,1.0,12.68
BRACHYMYSTAX,HUCHO,PARENT-CHILD,1.0,13.99,13.99,1.0,13.99
BRACHYRHAPHIS,RHABDOPHORA,PARENT-CHILD,1.0,13.99,13.99,1.0,13.99
BRAMA,ALBURNUS,PARENT-CHILD,1.0,9.87,9.87,1.0,9.87
BRAMA,BARBUS,PARENT-CHILD,1.0,8.96,8.96,1.0,8.96
BRAMA,BJOERKNA,PARENT-CHILD,1.0,10.09,10.09,1.0,10.09
BRAMA,RUTILUS,PARENT-CHILD,1.0,7.25,7.25,1.0,7.25
BREVOORTIA,TYRANNUS,PARENT-CHILD,2.0,13.99,13.99,2.0,13.99
BRYCONAMERICUS,IHERINGI,PARENT-CHILD,1.0,12.68,12.68,1.0,12.68
BRYCONAMERICUS,IHERINGII,PARENT-CHILD,1.0,12.68,12.68,1.0,12.68
BRYCONAMERICUS,STRAMINEUS,PARENT-CHILD,2.0,12.29,12.29,2.0,12.29
BYTHOTREPHES,LONGIMANUS,PARENT-CHILD,8.0,13.83,13.83,8.0,13.83
CAENIDAE,BAETIDAE,CHILD-PARENT,2.0,13.67,13.67,2.0,13.67
CAENIDAE,DAPHNIDAE,CHILD-PARENT,1.0,13.0,13.0,1.0,13.0
CAIOLA,CALLES,CHILD-PARENT,1.0,13.99,13.99,1.0,13.99
CALANOIDA,CLADOCERA,CHILD-PARENT,1.0,12.19,12.19,1.0,12.19
CALLITRICHE,BATRACHIUM,PARENT-CHILD,1.0,13.99,13.99,1.0,13.99
CAMELLIA,JAPONICA,CHILD-PARENT,1.0,9.21,9.21,1.0,9.21
CAMPOSTOMA,ANOMALUM,PARENT-CHILD,16.0,13.99,13.99,16.0,13.99
CANADENSIS,ESOX,PARENT-CHILD,1.0,11.67,11.67,1.0,11.67
CANADENSIS,LUCIUS,PARENT-CHILD,1.0,11.67,11.67,1.0,11.67
CANADENSIS,SANDER,PARENT-CHILD,1.0,11.99,11.99,1.0,11.99
CANADENSIS,VITREUS,PARENT-CHILD,1.0,11.99,11.99,1.0,11.99
CARASSIUS,AURATUS,PARENT-CHILD,24.0,13.11,13.11,24.0,13.11
CARASSIUS,CARASSIUS,PARENT-CHILD,22.0,13.14,13.14,22.0,13.14
CARASSIUS,CUVIERI,PARENT-CHILD,1.0,9.12,9.12,1.0,9.12
CARASSIUS,CYPRINIDAE,PARENT-CHILD,1.0,8.85,8.85,1.0,8.85
CARASSIUS,GIBELIO,PARENT-CHILD,9.0,12.12,12.12,9.0,12.12
CARP,CYPRINUS,CHILD-PARENT,1.0,13.99,13.99,1.0,13.99
CARPIODES,CYPRINUS,PARENT-CHILD,4.0,13.83,13.83,4.0,13.83
CARPIODES,VELIFER,PARENT-CHILD,1.0,12.41,12.41,1.0,12.41
CASTOR,CANADENSIS,CHILD-PARENT,9.0,13.47,13.47,9.0,13.47
CATARINA,CORREIA,PARENT-CHILD,1.0,13.99,13.99,1.0,13.99
CATONOTUS,ETHEOSTOMA,CHILD-PARENT,1.0,13.41,13.41,1.0,13.41
CATOSTOMIDAE,MORONIDAE,PARENT-CHILD,1.0,13.41,13.41,1.0,13.41
CATOSTOMIDAE,TELEOSTEI,PARENT-CHILD,1.0,11.99,11.99,1.0,11.99
CATOSTOMUS,CATOSTOMUS,PARENT-CHILD,10.0,12.54,12.54,10.0,12.54
CATOSTOMUS,CLARKII,PARENT-CHILD,3.0,10.65,10.65,3.0,10.65
CATOSTOMUS,COGNATUS,PARENT-CHILD,1.0,10.47,10.47,1.0,10.47
CATOSTOMUS,COMMERSONI,PARENT-CHILD,10.0,12.57,12.57,10.0,12.57
CATOSTOMUS,COMMERSONII,PARENT-CHILD,10.0,12.54,12.54,10.0,12.54
CATOSTOMUS,DICOBOLUS,PARENT-CHILD,1.0,9.5,9.5,1.0,9.5
CATOSTOMUS,DISCOBOLUS,PARENT-CHILD,3.0,11.03,11.03,3.0,11.03
CATOSTOMUS,INSIGNIS,PARENT-CHILD,1.0,9.5,9.5,1.0,9.5
CATOSTOMUS,LATIPINNIS,PARENT-CHILD,3.0,11.03,11.03,3.0,11.03
CATOSTOMUS,MACROCHEILUS,PARENT-CHILD,3.0,11.03,11.03,3.0,11.03
CENTRARCHIDAE,GIBBOSUS,PARENT-CHILD,2.0,9.93,9.93,2.0,9.93
CEPEDIANUM,ANNULARIS,PARENT-CHILD,1.0,11.3,11.3,1.0,11.3
CEPEDIANUM,BERYLLINA,PARENT-CHILD,1.0,11.99,11.99,1.0,11.99
CEPHALUS,LINNAEUS,PARENT-CHILD,1.0,8.02,8.02,1.0,8.02
CEPHALUS,RUTILUS,PARENT-CHILD,1.0,7.26,7.26,1.0,7.26
CERATOPHYLLUM,DEMERSUM,PARENT-CHILD,2.0,13.41,13.41,2.0,13.41
CERATOPHYLLUM,FONTINALIS,PARENT-CHILD,1.0,13.0,13.0,1.0,13.0
CERATOPOGONIDAE,TABANIDAE,PARENT-CHILD,1.0,13.99,13.99,1.0,13.99
CERIODAPHNIA,QUADRANGULA,PARENT-CHILD,1.0,13.41,13.41,1.0,13.41
CERIODAPHNIA,ROTIFERA,PARENT-CHILD,1.0,12.68,12.68,1.0,12.68
CERNUA,LUCIOPERCA,PARENT-CHILD,1.0,8.76,8.76,1.0,8.76
CERNUUS,ASPIUS,PARENT-CHILD,1.0,11.67,11.67,1.0,11.67
CERNUUS,MORHUA,PARENT-CHILD,1.0,9.95,9.95,1.0,9.95
CERVUS,ELAPHUS,PARENT-CHILD,1.0,13.99,13.99,1.0,13.99
CERYLE,ALCYON,PARENT-CHILD,1.0,13.99,13.99,1.0,13.99
CHAOBORUS,FLAVICANS,PARENT-CHILD,1.0,13.99,13.99,1.0,13.99
CHARACIDAE,CICHLIDAE,PARENT-CHILD,1.0,11.99,11.99,1.0,11.99
CHARACIDAE,OSTARIOPHYSI,PARENT-CHILD,1.0,12.41,12.41,1.0,12.41
CHARACIDAE,TETRAGONOPTERINAE,PARENT-CHILD,3.0,13.58,13.58,3.0,13.58
CHARACIDIUM,TRICHOMYCTERUS,CHILD-PARENT,1.0,13.99,13.99,1.0,13.99
CHARACIFORMES,CHARACIDAE,PARENT-CHILD,1.0,12.68,12.68,1.0,12.68
CHEIMARRICHTHYS,FOSTERI,PARENT-CHILD,2.0,13.99,13.99,2.0,13.99
CHIRONOMID,DIET,PARENT-CHILD,2.0,12.84,12.84,2.0,12.84
CHIRONOMID,FISH,PARENT-CHILD,1.0,12.68,12.68,1.0,12.68
CHIRONOMID,IMPORTANCE,PARENT-CHILD,1.0,13.0,13.0,1.0,13.0
CHIRONOMID,INSECT,PARENT-CHILD,1.0,13.41,13.41,1.0,13.41
CHIRONOMIDAE,DIPTERA,PARENT-CHILD,1.0,11.09,11.09,1.0,11.09
CHIRONOMIDAE,MOLLUSCA,PARENT-CHILD,1.0,11.99,11.99,1.0,11.99
CHIRONOMIDAE,ODONATA,PARENT-CHILD,2.0,12.19,12.19,2.0,12.19
CHIRONOMIDAE,SIMULIIDAE,PARENT-CHILD,1.0,11.67,11.67,1.0,11.67
CHIRONOMIDAE,TRICHOPTERA,PARENT-CHILD,1.0,10.35,10.35,1.0,10.35
CHIRONOMUS,RIPARIUS,PARENT-CHILD,1.0,13.99,13.99,1.0,13.99
CHONDROSTOMA,ALMACAI,PARENT-CHILD,1.0,9.87,9.87,1.0,9.87
CHONDROSTOMA,NASUS,PARENT-CHILD,21.0,13.32,13.32,21.0,13.32
CHONDROSTOMA,POLYLEPIS,PARENT-CHILD,5.0,12.07,12.07,5.0,12.07
CHONDROSTOMA,TOXOSTOMA,PARENT-CHILD,3.0,11.5,11.5,3.0,11.5
CHONDROSTOMA,WILLKOMMI,PARENT-CHILD,1.0,10.0,10.0,1.0,10.0
CHROSOMUS,ERYTHROGASTER,CHILD-PARENT,6.0,13.77,13.77,6.0,13.77
CHROSOMUS,NEOGAEUS,CHILD-PARENT,1.0,11.19,11.19,1.0,11.19
CHYDORIDAE,ROTIFERA,PARENT-CHILD,1.0,13.0,13.0,1.0,13.0
CICHLIDAE,FACETUM,PARENT-CHILD,1.0,12.19,12.19,1.0,12.19
CICHLIDAE,LORICARIIDAE,PARENT-CHILD,1.0,12.41,12.41,1.0,12.41
CICHLIDAE,MONODACTYLIDAE,PARENT-CHILD,1.0,12.41,12.41,1.0,12.41
CINERA,ESOX,CHILD-PARENT,1.0,11.99,11.99,1.0,11.99
CIRRHINUS,AURATUS,CHILD-PARENT,1.0,9.95,9.95,1.0,9.95
CLADOCERA,AFFINIS,PARENT-CHILD,1.0,9.27,9.27,1.0,9.27
CLADOCERA,CHIRONOMIDAE,PARENT-CHILD,1.0,11.41,11.41,1.0,11.41
CLADOCERA,COPEPODA,PARENT-CHILD,5.0,12.92,12.92,5.0,12.92
CLADOCERA,DAPHNIA,PARENT-CHILD,1.0,13.99,13.99,1.0,13.99
CLADOCERA,OSTRACODA,PARENT-CHILD,1.0,11.41,11.41,1.0,11.41
CLARIAS,CAMERUNENSIS,PARENT-CHILD,1.0,11.54,11.54,1.0,11.54
CLARIAS,GARIEPINUS,PARENT-CHILD,5.0,13.51,13.51,5.0,13.51
CLARIAS,JAENSIS,PARENT-CHILD,1.0,11.54,11.54,1.0,11.54
CLARIAS,PACHYNEMA,PARENT-CHILD,1.0,11.54,11.54,1.0,11.54
CLARIAS,PLATYCEPHALUS,PARENT-CHILD,1.0,11.54,11.54,1.0,11.54
CLETHRIONOMYS,RUTILUS,CHILD-PARENT,1.0,7.27,7.27,1.0,7.27
CLINOSTOMUS,FUNDULOIDES,PARENT-CHILD,1.0,13.99,13.99,1.0,13.99
CLUPEA,HARENGUS,PARENT-CHILD,6.0,13.99,13.99,6.0,13.99
CLUPEIDAE,CEPEDIANUM,PARENT-CHILD,2.0,11.47,11.47,2.0,11.47
CLUPEIDAE,CYPRINIDAE,PARENT-CHILD,1.0,10.82,10.82,1.0,10.82
CLUPEIDAE,PSUEDOHARENGUS,PARENT-CHILD,1.0,12.19,12.19,1.0,12.19
COBITIDAE,TAENIA,PARENT-CHILD,1.0,11.83,11.83,1.0,11.83
COBITIS,GLANIS,PARENT-CHILD,1.0,10.09,10.09,1.0,10.09
COBITIS,PALUDICA,PARENT-CHILD,8.0,13.35,13.35,8.0,13.35
COBITIS,TAENIA,PARENT-CHILD,7.0,13.16,13.16,7.0,13.16
COBITIS,TRUTTA,PARENT-CHILD,1.0,5.5,5.5,1.0,5.5
COLEOPTERA,ARACHNIDA,PARENT-CHILD,1.0,10.91,10.91,1.0,10.91
COLEOPTERA,CERAMBYCIDAE,PARENT-CHILD,1.0,10.91,10.91,1.0,10.91
COLEOPTERA,COLEOPTERA,PARENT-CHILD,1.0,10.75,10.75,1.0,10.75
COLEOPTERA,COPEPODA,PARENT-CHILD,4.0,12.14,12.14,4.0,12.14
COLEOPTERA,DIPTERA,PARENT-CHILD,2.0,11.35,11.35,2.0,11.35
COLEOPTERA,DYTISCIDAE,PARENT-CHILD,1.0,10.91,10.91,1.0,10.91
COLEOPTERA,HEMIPTERA,PARENT-CHILD,4.0,12.19,12.19,4.0,12.19
COLEOPTERA,HYMENOPTERA,PARENT-CHILD,1.0,10.6,10.6,1.0,10.6
COLEOPTERA,ODONATA,PARENT-CHILD,1.0,10.41,10.41,1.0,10.41
COLLEMBOLA,COPEPODA,PARENT-CHILD,4.0,12.83,12.83,4.0,12.83
COLLEMBOLA,HYMENOPTERA,PARENT-CHILD,1.0,11.67,11.67,1.0,11.67
COMMERSONII,PERCA,PARENT-CHILD,1.0,12.19,12.19,1.0,12.19
COMO,CONSECUENCIA,CHILD-PARENT,2.0,13.99,13.99,2.0,13.99
CONFLUENTUS,CARPIODES,PARENT-CHILD,1.0,13.0,13.0,1.0,13.0
CONFLUENTUS,CYPRINUS,PARENT-CHILD,1.0,13.0,13.0,1.0,13.0
COPEPODA,ACARINA,PARENT-CHILD,1.0,13.0,13.0,1.0,13.0
COPEPODA,OSTRACODA,PARENT-CHILD,2.0,13.19,13.19,2.0,13.19
COREGNUS,NASUS,CHILD-PARENT,1.0,9.79,9.79,1.0,9.79
COREGONUS,ALBULA,PARENT-CHILD,94.0,13.01,13.01,94.0,13.01
COREGONUS,ARTEDI,PARENT-CHILD,10.0,10.13,10.13,10.0,10.13
COREGONUS,ARTEDII,PARENT-CHILD,5.0,9.16,9.16,5.0,9.16
COREGONUS,CLUPEAFORMIS,PARENT-CHILD,17.0,10.87,10.87,17.0,10.87
COREGONUS,CLUPEAFORMISS,PARENT-CHILD,1.0,6.86,6.86,1.0,6.86
COREGONUS,FONTANAE,PARENT-CHILD,3.0,8.44,8.44,3.0,8.44
COREGONUS,HOYI,PARENT-CHILD,8.0,9.82,9.82,8.0,9.82
COREGONUS,IUVURETUS,PARENT-CHILD,1.0,6.86,6.86,1.0,6.86
COREGONUS,KIYI,PARENT-CHILD,1.0,6.86,6.86,1.0,6.86
COREGONUS,LAVA,PARENT-CHILD,1.0,6.86,6.86,1.0,6.86
COREGONUS,LAVAREFUS,PARENT-CHILD,1.0,6.86,6.86,1.0,6.86
COREGONUS,LAVARETUS,PARENT-CHILD,95.0,13.01,13.01,95.0,13.01
COREGONUS,LAVERETUS,PARENT-CHILD,1.0,6.86,6.86,1.0,6.86
COREGONUS,LUVURETUS,PARENT-CHILD,1.0,6.86,6.86,1.0,6.86
COREGONUS,NASUS,PARENT-CHILD,13.0,10.39,10.39,13.0,10.39
COREGONUS,PIDSCHIAN,PARENT-CHILD,6.0,9.42,9.42,6.0,9.42
COREGONUS,PUSILLUS,PARENT-CHILD,2.0,7.86,7.86,2.0,7.86
COREGONUS,SARDINELLA,PARENT-CHILD,11.0,10.27,10.27,11.0,10.27
COREGONUS,ZAVARETUS,PARENT-CHILD,2.0,7.86,7.86,2.0,7.86
COREGONUS,ZENI,PARENT-CHILD,1.0,6.86,6.86,1.0,6.86
COREGONUS,ZENITHICUS,PARENT-CHILD,6.0,9.42,9.42,6.0,9.42
CORIXIDAE,TRICHOPTERA,CHILD-PARENT,1.0,10.68,10.68,1.0,10.68
CORNUTUS,PERCINA,PARENT-CHILD,1.0,11.99,11.99,1.0,11.99
COTTUS,ASPER,PARENT-CHILD,3.0,9.18,9.18,3.0,9.18
COTTUS,ASPERRIMUS,PARENT-CHILD,1.0,7.63,7.63,1.0,7.63
COTTUS,BAIRDI,PARENT-CHILD,17.0,11.58,11.58,17.0,11.58
COTTUS,BAIRDII,PARENT-CHILD,9.0,10.73,10.73,9.0,10.73
COTTUS,CAROLINAE,PARENT-CHILD,8.0,10.56,10.56,8.0,10.56
COTTUS,COGNATUS,PARENT-CHILD,20.0,11.78,11.78,20.0,11.78
COTTUS,GOBIO,PARENT-CHILD,73.0,13.13,13.13,73.0,13.13
COTTUS,GULOSUS,PARENT-CHILD,2.0,8.6,8.6,2.0,8.6
COTTUS,HAIRDI,PARENT-CHILD,1.0,7.63,7.63,1.0,7.63
COTTUS,HANGEONGENSIS,PARENT-CHILD,1.0,7.63,7.63,1.0,7.63
COTTUS,HANGIONGENSIS,PARENT-CHILD,5.0,9.91,9.91,5.0,9.91
COTTUS,HYPSELURUS,PARENT-CHILD,3.0,9.2,9.2,3.0,9.2
COTTUS,LINNAEUS,PARENT-CHILD,2.0,7.83,7.83,2.0,7.83
COTTUS,NOZAWAE,PARENT-CHILD,2.0,8.62,8.62,2.0,8.62
COTTUS,PAULUS,PARENT-CHILD,6.0,10.17,10.17,6.0,10.17
COTTUS,PERIFRETUM,PARENT-CHILD,1.0,7.63,7.63,1.0,7.63
COTTUS,PJIGMAEUS,PARENT-CHILD,1.0,7.63,7.63,1.0,7.63
COTTUS,POECILOPUS,PARENT-CHILD,2.0,8.62,8.62,2.0,8.62
COTTUS,POLLUS,PARENT-CHILD,1.0,7.63,7.63,1.0,7.63
COTTUS,POLLUX,PARENT-CHILD,2.0,8.62,8.62,2.0,8.62
COTTUS,PYGMAEUS,PARENT-CHILD,3.0,9.2,9.2,3.0,9.2
COTTUS,RICEI,PARENT-CHILD,1.0,7.63,7.63,1.0,7.63
COTUS,COGNATUS,CHILD-PARENT,1.0,10.47,10.47,1.0,10.47
COTYLOPUS,ACUTIPINNIS,PARENT-CHILD,6.0,13.99,13.99,6.0,13.99
COUESIUS,PLUMBEUS,PARENT-CHILD,5.0,13.99,13.99,5.0,13.99
CRANGON,SEPTEMSPINOSA,PARENT-CHILD,1.0,13.99,13.99,1.0,13.99
CRATEROCEPHALUS,FLUVIATILIS,CHILD-PARENT,6.0,9.35,9.35,6.0,9.35
CRATEROCEPHALUS,STRAMINEUS,CHILD-PARENT,1.0,10.41,10.41,1.0,10.41
CRUSTACEA,CYMOTHOIDAE,PARENT-CHILD,1.0,13.99,13.99,1.0,13.99
CRYPTOMERIA,JAPONICA,CHILD-PARENT,3.0,10.75,10.75,3.0,10.75
CTENOPHARYNGODON,IDELLUS,PARENT-CHILD,1.0,13.99,13.99,1.0,13.99
CULAEA,INCON,PARENT-CHILD,2.0,13.99,13.99,2.0,13.99
CURTONOTUM,HEMIPTERA,CHILD-PARENT,1.0,11.3,11.3,1.0,11.3
CURUSSIUS,CARASSIUS,CHILD-PARENT,1.0,10.41,10.41,1.0,10.41
CYCLEPTUS,ELONGATUS,PARENT-CHILD,2.0,13.41,13.41,2.0,13.41
CYNOSCION,REGALIA,PARENT-CHILD,1.0,13.99,13.99,1.0,13.99
CYPRINELLA,CAERULEA,PARENT-CHILD,6.0,11.91,11.91,6.0,11.91
CYPRINELLA,GALACTURA,PARENT-CHILD,2.0,10.44,10.44,2.0,10.44
CYPRINELLA,HYBOPSIS,PARENT-CHILD,1.0,9.41,9.41,1.0,9.41
CYPRINELLA,LUTRENSIS,PARENT-CHILD,9.0,12.33,12.33,9.0,12.33
CYPRINELLA,PIMEPHALES,PARENT-CHILD,2.0,10.3,10.3,2.0,10.3
CYPRINELLA,SPILOPTERA,PARENT-CHILD,1.0,9.48,9.48,1.0,9.48
CYPRINELLA,VENUSTA,PARENT-CHILD,24.0,13.47,13.47,24.0,13.47
CYPRINIDAE,BRAMA,PARENT-CHILD,1.0,8.96,8.96,1.0,8.96
CYPRINIDAE,FUNDULIDAE,PARENT-CHILD,1.0,11.99,11.99,1.0,11.99
CYPRINIDAE,PERCIDAE,PARENT-CHILD,1.0,11.54,11.54,1.0,11.54
CYPRINIDAE,POECILIIDAE,PARENT-CHILD,1.0,11.67,11.67,1.0,11.67
CYPRINIDAE,SALMONIDAE,PARENT-CHILD,1.0,10.6,10.6,1.0,10.6
CYPRINIDAE,TELEOSTEI,PARENT-CHILD,1.0,11.3,11.3,1.0,11.3
CYPRINIDAE,UMBRIDAE,PARENT-CHILD,1.0,11.54,11.54,1.0,11.54
CYPRINIFORMES,CATOSTOMIDAE,CHILD-PARENT,1.0,13.0,13.0,1.0,13.0
CYPRINIFORMES,CYPRINIDAE,CHILD-PARENT,1.0,11.0,11.0,1.0,11.0
CYPRINODON,MACULARIUS,PARENT-CHILD,3.0,12.77,12.77,3.0,12.77
CYPRINODON,NEVADENSIS,PARENT-CHILD,1.0,11.41,11.41,1.0,11.41
CYPRINODON,PECOSENSIS,PARENT-CHILD,1.0,11.41,11.41,1.0,11.41
CYPRINODON,RUBROFLUVIATILIS,PARENT-CHILD,3.0,12.77,12.77,3.0,12.77
CYPRINODON,TULAROSA,PARENT-CHILD,3.0,12.77,12.77,3.0,12.77
CYPRINUS,CARPIO,PARENT-CHILD,2.0,13.19,13.19,2.0,13.19
CYPRINUS,LINNAEUS,PARENT-CHILD,3.0,9.57,9.57,3.0,9.57
DAPHIA,PULEX,CHILD-PARENT,1.0,11.3,11.3,1.0,11.3
DAPHNIA,CRISTATA,PARENT-CHILD,2.0,11.24,11.24,2.0,11.24
DAPHNIA,DROSOPHILA,PARENT-CHILD,2.0,11.24,11.24,2.0,11.24
DAPHNIA,GALEATA,PARENT-CHILD,10.0,13.19,13.19,10.0,13.19
DAPHNIA,HYALINA,PARENT-CHILD,1.0,10.3,10.3,1.0,10.3
DAPHNIA,LUMHOLTZI,PARENT-CHILD,1.0,10.3,10.3,1.0,10.3
DAPHNIA,MAGNA,PARENT-CHILD,3.0,11.77,11.77,3.0,11.77
DAPHNIA,PULEX,PARENT-CHILD,5.0,12.11,12.11,5.0,12.11
DAPHNIA,ROTIFERA,PARENT-CHILD,1.0,10.19,10.19,1.0,10.19
DICENTRARCHUS,LABRAX,PARENT-CHILD,4.0,13.99,13.99,4.0,13.99
DICHROURA,AFFINIS,CHILD-PARENT,1.0,9.48,9.48,1.0,9.48
DIET,AMBIGUA,CHILD-PARENT,1.0,11.83,11.83,1.0,11.83
DIET,MACQUARIA,CHILD-PARENT,1.0,11.83,11.83,1.0,11.83
DIPTERA,CHIRONOMIDAE,PARENT-CHILD,1.0,11.09,11.09,1.0,11.09
DIPTERA,CLADOCERA,PARENT-CHILD,1.0,10.91,10.91,1.0,10.91
DIPTERA,COLLEMBOLA,PARENT-CHILD,1.0,11.3,11.3,1.0,11.3
DIPTERA,DIET,PARENT-CHILD,1.0,11.99,11.99,1.0,11.99
DIPTERA,EPHEMEROPTERA,PARENT-CHILD,1.0,10.82,10.82,1.0,10.82
DIPTERA,FIG.,PARENT-CHILD,1.0,11.83,11.83,1.0,11.83
DIPTERA,HYMENOPTERA,PARENT-CHILD,1.0,11.0,11.0,1.0,11.0
DIPTERA,LAKE,PARENT-CHILD,1.0,11.54,11.54,1.0,11.54
DIPTERA,LEPOMIS,PARENT-CHILD,1.0,12.41,12.41,1.0,12.41
DIPTERA,MASS,PARENT-CHILD,1.0,12.41,12.41,1.0,12.41
DIPTERA,MEGALOPTERA,PARENT-CHILD,1.0,11.3,11.3,1.0,11.3
DIPTERA,SIMULIIDAE,PARENT-CHILD,2.0,12.09,12.09,2.0,12.09
DIPTERA,THYSANOPTERA,PARENT-CHILD,1.0,11.41,11.41,1.0,11.41
DIPTERA,TRICHOPTERA,PARENT-CHILD,2.0,11.09,11.09,2.0,11.09
DORADIDAE,GRANULOSUS,CHILD-PARENT,1.0,11.09,11.09,1.0,11.09
DOROSOMA,CEPEDIANUM,PARENT-CHILD,17.0,13.72,13.72,17.0,13.72
DOROSOMA,PETENENSE,PARENT-CHILD,4.0,12.29,12.29,4.0,12.29
DOROSOMA,PIMEPHALES,PARENT-CHILD,1.0,10.14,10.14,1.0,10.14
DREISSENA,BUGENSIS,PARENT-CHILD,2.0,11.14,11.14,2.0,11.14
DREISSENA,POLYMORPHA,PARENT-CHILD,25.0,13.94,13.94,25.0,13.94
DROSOPHILA,MELANOGASTER,PARENT-CHILD,1.0,13.99,13.99,1.0,13.99
ECOLOGIA,ZOOLOGIA,CHILD-PARENT,1.0,13.99,13.99,1.0,13.99
EGRETTA,GARZETTA,PARENT-CHILD,3.0,13.99,13.99,3.0,13.99
EMPIDIDAE,CERATOPOGONIDAE,PARENT-CHILD,1.0,13.99,13.99,1.0,13.99
ENGRAULIS,ENCRASICOLUS,PARENT-CHILD,1.0,12.41,12.41,1.0,12.41
ENGRAULIS,MORDAX,PARENT-CHILD,4.0,12.24,12.24,4.0,12.24
ENTOSPHENUS,TRIDENTATUS,PARENT-CHILD,16.0,13.99,13.99,16.0,13.99
EPHEMEROPTERA,LEPIDOPTERA,PARENT-CHILD,1.0,10.75,10.75,1.0,10.75
EPHEMEROPTERA,ODONATA,PARENT-CHILD,2.0,11.54,11.54,2.0,11.54
EPHEMEROPTERA,PLECOPTERA,PARENT-CHILD,7.0,13.28,13.28,7.0,13.28
EPHEMEROPTERA,SIMULIIDAE,PARENT-CHILD,1.0,10.82,10.82,1.0,10.82
EPHEMEROPTERA,TRICHOPTERA,PARENT-CHILD,3.0,11.54,11.54,3.0,11.54
ERYTHROPHTHALMUS,ALBURNUS,PARENT-CHILD,1.0,9.95,9.95,1.0,9.95
ERYTHROPHTHALMUS,AURATUS,PARENT-CHILD,1.0,9.91,9.91,1.0,9.91
ERYTHROZONUS,CHARACIDAE,PARENT-CHILD,1.0,12.68,12.68,1.0,12.68
ESOCIDAE,LUCIUS,PARENT-CHILD,1.0,7.48,7.48,1.0,7.48
ESOCIDAE,SALMONIDAE,PARENT-CHILD,2.0,11.91,11.91,2.0,11.91
ESOX,AMERICANUS,PARENT-CHILD,1.0,7.34,7.34,1.0,7.34
ESOX,LINNAEUS,PARENT-CHILD,13.0,10.37,10.37,13.0,10.37
ESOX,LUCIUS,PARENT-CHILD,179.0,11.995000000000001,11.995000000000001,179.0,11.995000000000001
ESOX,LUCZUS,PARENT-CHILD,1.0,7.37,7.37,1.0,7.37
ESOX,MASQUINONGY,PARENT-CHILD,3.0,8.94,8.94,3.0,8.94
ESTA,ESPECIE,PARENT-CHILD,1.0,13.99,13.99,1.0,13.99
ETHEOSTOMA,ASPRIGENE,PARENT-CHILD,2.0,9.16,9.16,2.0,9.16
ETHEOSTOMA,BLENNIOIDES,PARENT-CHILD,1.0,8.18,8.18,1.0,8.18
ETHEOSTOMA,BREVIROSTRUM,PARENT-CHILD,1.0,8.18,8.18,1.0,8.18
ETHEOSTOMA,CAERULEUM,PARENT-CHILD,9.0,11.25,11.25,9.0,11.25
ETHEOSTOMA,CHIENENSE,PARENT-CHILD,1.0,8.18,8.18,1.0,8.18
ETHEOSTOMA,CINEREUM,PARENT-CHILD,14.0,11.83,11.83,14.0,11.83
ETHEOSTOMA,CRAGINI,PARENT-CHILD,2.0,9.16,9.16,2.0,9.16
ETHEOSTOMA,CROSSOPTERUM,PARENT-CHILD,1.0,8.18,8.18,1.0,8.18
ETHEOSTOMA,EXILE,PARENT-CHILD,5.0,10.45,10.45,5.0,10.45
ETHEOSTOMA,FLABELLARE,PARENT-CHILD,17.0,12.06,12.06,17.0,12.06
ETHEOSTOMA,HISTRIO,PARENT-CHILD,1.0,8.18,8.18,1.0,8.18
ETHEOSTOMA,LYNCEUM,PARENT-CHILD,2.0,9.16,9.16,2.0,9.16
ETHEOSTOMA,MICROPERCA,PARENT-CHILD,2.0,9.16,9.16,2.0,9.16
ETHEOSTOMA,NIANGUAE,PARENT-CHILD,3.0,9.72,9.72,3.0,9.72
ETHEOSTOMA,NIGRUM,PARENT-CHILD,17.0,12.08,12.08,17.0,12.08
ETHEOSTOMA,OKALOOSAE,PARENT-CHILD,1.0,8.18,8.18,1.0,8.18
ETHEOSTOMA,OLMSTEDI,PARENT-CHILD,1.0,8.18,8.18,1.0,8.18
ETHEOSTOMA,PERCA,PARENT-CHILD,1.0,8.11,8.11,1.0,8.11
ETHEOSTOMA,PERCIDAE,PARENT-CHILD,1.0,8.13,8.13,1.0,8.13
ETHEOSTOMA,RUBRUM,PARENT-CHILD,2.0,9.16,9.16,2.0,9.16
ETHEOSTOMA,SIMOTERUM,PARENT-CHILD,3.0,9.74,9.74,3.0,9.74
ETHEOSTOMA,SPECTABILE,PARENT-CHILD,19.0,12.2,12.2,19.0,12.2
ETHEOSTOMA,TETRAZONUM,PARENT-CHILD,2.0,9.16,9.16,2.0,9.16
ETHEOSTOMA,WHIPPLEI,PARENT-CHILD,1.0,8.18,8.18,1.0,8.18
ETHEOSTOMA,ZONALE,PARENT-CHILD,3.0,9.74,9.74,3.0,9.74
ETHEOSTORNA,SPECTABILE,CHILD-PARENT,1.0,10.6,10.6,1.0,10.6
ETROPLUS,MACULATUS,CHILD-PARENT,1.0,9.27,9.27,1.0,9.27
EUCALYPTUS,MINIATA,PARENT-CHILD,1.0,13.41,13.41,1.0,13.41
EUCALYPTUS,TETRADONTA,PARENT-CHILD,1.0,13.41,13.41,1.0,13.41
EUDIAPTOMUS,GRACILIS,PARENT-CHILD,1.0,13.0,13.0,1.0,13.0
EUDIAPTOMUS,TRICHOPTERA,PARENT-CHILD,1.0,12.68,12.68,1.0,12.68
EUPOMIS,GIBBOSUS,CHILD-PARENT,1.0,8.96,8.96,1.0,8.96
EXILIS,PERCINA,CHILD-PARENT,1.0,11.99,11.99,1.0,11.99
EXTRANEUS,GOBIIDAE,CHILD-PARENT,1.0,12.68,12.68,1.0,12.68
FISH,DER,CHILD-PARENT,1.0,10.68,10.68,1.0,10.68
FISH,ESOX,CHILD-PARENT,1.0,10.68,10.68,1.0,10.68
FLAVESCENS,GOBIIDAE,PARENT-CHILD,1.0,12.68,12.68,1.0,12.68
FLUVIATILIS,BRAMA,PARENT-CHILD,1.0,8.82,8.82,1.0,8.82
FLUVIATILIS,CERNUUS,PARENT-CHILD,1.0,9.09,9.09,1.0,9.09
FLUVIATILIS,ERYTHROPHTHALMUS,PARENT-CHILD,1.0,9.38,9.38,1.0,9.38
FLUVIATILIS,LINNAEUS,PARENT-CHILD,7.0,10.71,10.71,7.0,10.71
FLUVIATILIS,RUTILUS,PARENT-CHILD,3.0,8.77,8.77,3.0,8.77
FONTINALIS,COMMERSONII,PARENT-CHILD,1.0,11.19,11.19,1.0,11.19
FONTINALIS,TRUTTA,PARENT-CHILD,2.0,6.52,6.52,2.0,6.52
FORMICIDAE,HYMENOPTERA,PARENT-CHILD,1.0,12.41,12.41,1.0,12.41
FRANCIS,MAGBANUA,PARENT-CHILD,1.0,13.99,13.99,1.0,13.99
FUNDULIDAE,ICTALURIDAE,CHILD-PARENT,1.0,13.99,13.99,1.0,13.99
FUNDULUS,DIAPHANUS,PARENT-CHILD,1.0,9.57,9.57,1.0,9.57
FUNDULUS,HETEROCLITUS,PARENT-CHILD,9.0,12.49,12.49,9.0,12.49
FUNDULUS,LINNAEUS,PARENT-CHILD,1.0,7.62,7.62,1.0,7.62
FUNDULUS,MICROPTERUS,PARENT-CHILD,1.0,13.41,13.41,1.0,13.41
FUNDULUS,NOTATUS,PARENT-CHILD,15.0,12.77,12.77,15.0,12.77
FUNDULUS,OLIVACEUS,PARENT-CHILD,11.0,12.73,12.73,11.0,12.73
FUNDULUS,PIMEPHALES,PARENT-CHILD,1.0,9.38,9.38,1.0,9.38
FUNDULUS,SCIADICUS,PARENT-CHILD,2.0,10.54,10.54,2.0,10.54
FUNDULUS,ZEBRINUS,PARENT-CHILD,2.0,10.54,10.54,2.0,10.54
GADUS,MORHUA,PARENT-CHILD,30.0,13.97,13.97,30.0,13.97
GALAXIAS,ARGENTEUS,PARENT-CHILD,5.0,11.32,11.32,5.0,11.32
GALAXIAS,FASCIATUS,PARENT-CHILD,12.0,12.35,12.35,12.0,12.35
GALAXIAS,MACULATUS,PARENT-CHILD,38.0,13.45,13.45,38.0,13.45
GALAXIAS,OCCIDENTALIS,PARENT-CHILD,1.0,9.04,9.04,1.0,9.04
GALAXIAS,OLIDUS,PARENT-CHILD,2.0,10.04,10.04,2.0,10.04
GALAXIAS,PAUCISPONDYLUS,PARENT-CHILD,1.0,9.09,9.09,1.0,9.09
GAMBUSIA,AFFINIS,PARENT-CHILD,40.0,13.23,13.23,40.0,13.23
GAMBUSIA,DAPHNIA,PARENT-CHILD,2.0,9.46,9.46,2.0,9.46
GAMBUSIA,GEISERI,PARENT-CHILD,1.0,8.47,8.47,1.0,8.47
GAMBUSIA,HOLBROOKI,PARENT-CHILD,47.0,13.4,13.4,47.0,13.4
GAMBUSIA,IMPACT,PARENT-CHILD,1.0,8.47,8.47,1.0,8.47
GAMHUSIA,HOLBROOKI,CHILD-PARENT,1.0,9.3,9.3,1.0,9.3
GAMMARIDAE,FORMICIDAE,PARENT-CHILD,1.0,13.41,13.41,1.0,13.41
GAMMARUS,DYTISCUS,PARENT-CHILD,1.0,12.68,12.68,1.0,12.68
GAMMARUS,HALIPLUS,PARENT-CHILD,1.0,12.68,12.68,1.0,12.68
GAMMARUS,LIMNOPHILUS,PARENT-CHILD,1.0,12.68,12.68,1.0,12.68
GAMMARUS,MINUS,PARENT-CHILD,1.0,12.19,12.19,1.0,12.19
GAMMARUS,PSEUDOLIMNAEUS,PARENT-CHILD,2.0,13.0,13.0,2.0,13.0
GAMMARUS,PULEX,PARENT-CHILD,3.0,12.41,12.41,3.0,12.41
GAMUSIA,HOLBROOKI,CHILD-PARENT,1.0,9.3,9.3,1.0,9.3
GASTEROSTEUS,ACULEATUS,PARENT-CHILD,99.0,13.94,13.94,99.0,13.94
GASTEROSTEUS,GYMNURUS,PARENT-CHILD,1.0,8.27,8.27,1.0,8.27
GASTEROSTEUS,LINNAEUS,PARENT-CHILD,4.0,9.16,9.16,4.0,9.16
GASTEROSTEUS,PUNGITIUS,PARENT-CHILD,1.0,7.73,7.73,1.0,7.73
GASTROPODA,OSTRACODA,PARENT-CHILD,1.0,12.41,12.41,1.0,12.41
GASTROPODA,UNIONIDAE,PARENT-CHILD,1.0,12.68,12.68,1.0,12.68
GIBBERUM,KINDTII,PARENT-CHILD,1.0,11.83,11.83,1.0,11.83
GIBBERUM,LONGIMANUS,PARENT-CHILD,1.0,11.41,11.41,1.0,11.41
GIBBOSUS,LINNAEUS,PARENT-CHILD,3.0,9.58,9.58,3.0,9.58
GIBBOSUS,PARVA,PARENT-CHILD,1.0,10.0,10.0,1.0,10.0
GIBELIO,GIBBOSUS,PARENT-CHILD,1.0,8.96,8.96,1.0,8.96
GIGAS,TELEOSTEI,PARENT-CHILD,2.0,13.0,13.0,2.0,13.0
GILA,ATRARIA,PARENT-CHILD,1.0,11.41,11.41,1.0,11.41
GILA,CHUB,PARENT-CHILD,1.0,11.41,11.41,1.0,11.41
GILA,INTERMEDIA,PARENT-CHILD,1.0,11.0,11.0,1.0,11.0
GILA,ROBUSTA,PARENT-CHILD,7.0,13.64,13.64,7.0,13.64
GILA,TOPMINNOW,PARENT-CHILD,1.0,11.41,11.41,1.0,11.41
GLANIS,ERYTHROPHTHALMUS,PARENT-CHILD,1.0,9.79,9.79,1.0,9.79
GLOSSOGOBIUS,AUREUS,PARENT-CHILD,2.0,13.99,13.99,2.0,13.99
GLYCERIA,MAXIMA,PARENT-CHILD,1.0,13.99,13.99,1.0,13.99
GOBIIDAE,PAGANELLUS,PARENT-CHILD,1.0,13.0,13.0,1.0,13.0
GOBIIDAE,PERCIDAE,PARENT-CHILD,1.0,12.41,12.41,1.0,12.41
GOBIO,ALBIPINNATUS,CHILD-PARENT,1.0,10.0,10.0,1.0,10.0
GOBIO,LEUCISCUS,CHILD-PARENT,1.0,10.09,10.09,1.0,10.09
GOBIO,LINNAEUS,CHILD-PARENT,2.0,9.01,9.01,2.0,9.01
GOBIOIDEI,AIENSIS,PARENT-CHILD,1.0,12.68,12.68,1.0,12.68
GOBIOIDEI,SANDER,PARENT-CHILD,1.0,11.99,11.99,1.0,11.99
GOBIOIDEI,SICYOPTERUS,PARENT-CHILD,1.0,12.41,12.41,1.0,12.41
GOBIOIDEI,VITREUS,PARENT-CHILD,1.0,11.99,11.99,1.0,11.99
GOBIOMORPHUS,BREVICEPS,PARENT-CHILD,1.0,10.91,10.91,1.0,10.91
GOBIOMORPHUS,COTIDIANUS,PARENT-CHILD,12.0,13.72,13.72,12.0,13.72
GOBIOMORPHUS,HUTTONI,PARENT-CHILD,3.0,12.33,12.33,3.0,12.33
GOBIOMORUS,DORMITOR,PARENT-CHILD,2.0,13.99,13.99,2.0,13.99
GOBIUS,COTIDIANUS,CHILD-PARENT,1.0,11.09,11.09,1.0,11.09
GOBIUSCULUS,FLAVESCENS,CHILD-PARENT,4.0,11.04,11.04,4.0,11.04
GRACILIS,BLOCHII,PARENT-CHILD,1.0,13.41,13.41,1.0,13.41
GRACILOIDES,TRICHOPTERA,PARENT-CHILD,1.0,12.68,12.68,1.0,12.68
GUMMARUS,PULEX,CHILD-PARENT,2.0,12.19,12.19,2.0,12.19
GUMMURUS,PULEX,CHILD-PARENT,1.0,11.3,11.3,1.0,11.3
GYMNOCEPHALUS,CERNUA,PARENT-CHILD,13.0,12.51,12.51,13.0,12.51
GYMNOCEPHALUS,CERNUUS,PARENT-CHILD,46.0,13.79,13.79,46.0,13.79
HALIOTIS,KAMTSCHATKANA,PARENT-CHILD,1.0,13.41,13.41,1.0,13.41
HALIOTIS,RUBRA,PARENT-CHILD,1.0,13.41,13.41,1.0,13.41
HARDANGERVID,DA,CHILD-PARENT,1.0,13.0,13.0,1.0,13.0
HARPACTICOIDA,UNIONIDAE,CHILD-PARENT,1.0,13.0,13.0,1.0,13.0
HELVUM,HEMIPTERA,CHILD-PARENT,1.0,11.3,11.3,1.0,11.3
HEMIGRAMMUS,ERYTHROZONUS,PARENT-CHILD,2.0,13.99,13.99,2.0,13.99
HEMIPTERA,ARACHNIDAE,PARENT-CHILD,1.0,12.68,12.68,1.0,12.68
HEMIPTERA,GAMMARIDAE,PARENT-CHILD,1.0,12.41,12.41,1.0,12.41
HEMIPTERA,HEMIPTERA,PARENT-CHILD,1.0,11.0,11.0,1.0,11.0
HEMIPTERA,ODONATA,PARENT-CHILD,1.0,11.41,11.41,1.0,11.41
HEPHAESTUS,FULIGINOSUS,PARENT-CHILD,4.0,13.99,13.99,4.0,13.99
HEPSETUS,ODOE,PARENT-CHILD,5.0,13.99,13.99,5.0,13.99
HEPTAGENIIDAE,HYDROPSYCHIDAE,PARENT-CHILD,1.0,13.99,13.99,1.0,13.99
HETEROCLITUS,LINNAEUS,CHILD-PARENT,1.0,8.03,8.03,1.0,8.03
HIPPURIS,VULGARIS,PARENT-CHILD,2.0,13.41,13.41,2.0,13.41
HOLOPEDIUM,GIBBERUM,PARENT-CHILD,4.0,13.99,13.99,4.0,13.99
HOMARUS,AMERICANUS,CHILD-PARENT,1.0,12.68,12.68,1.0,12.68
HYBOGNATHUS,ARGRYTUS,PARENT-CHILD,1.0,11.19,11.19,1.0,11.19
HYBOGNATHUS,HANKINSONI,PARENT-CHILD,3.0,12.58,12.58,3.0,12.58
HYBOGNATHUS,HAYI,PARENT-CHILD,2.0,12.09,12.09,2.0,12.09
HYBOGNATHUS,ICTIOBUS,PARENT-CHILD,1.0,11.19,11.19,1.0,11.19
HYBOGNATHUS,PLACITUS,PARENT-CHILD,6.0,13.33,13.33,6.0,13.33
HYBOPSIS,PIMEPHALES,PARENT-CHILD,1.0,11.99,11.99,1.0,11.99
HYDRACARINA,UNIONIDAE,PARENT-CHILD,1.0,13.0,13.0,1.0,13.0
HYDRILLA,VERTICILLATA,PARENT-CHILD,1.0,13.41,13.41,1.0,13.41
HYDRILLA,VERTICILLATU,PARENT-CHILD,1.0,13.41,13.41,1.0,13.41
HYDROCYNUS,BREVIS,PARENT-CHILD,1.0,11.19,11.19,1.0,11.19
HYDROCYNUS,FORSKAHLII,PARENT-CHILD,2.0,12.19,12.19,2.0,12.19
HYDROCYNUS,VITTATUS,PARENT-CHILD,9.0,13.77,13.77,9.0,13.77
HYMENOPTERA,COLEOPTERA,PARENT-CHILD,1.0,12.19,12.19,1.0,12.19
HYMENOPTERA,FORMICIDAE,PARENT-CHILD,1.0,12.41,12.41,1.0,12.41
HYMENOPTERA,HYMENOPTERA,PARENT-CHILD,1.0,11.83,11.83,1.0,11.83
HYMENOPTERA,ORTHOPTERA,PARENT-CHILD,1.0,12.68,12.68,1.0,12.68
HYPOPHTHALMICHLYS,NOBILIS,CHILD-PARENT,1.0,13.0,13.0,1.0,13.0
HYPOPHTHALMICHTHYS,MOLITRIX,PARENT-CHILD,4.0,13.99,13.99,4.0,13.99
ICHTHYOMYZON,FOSSOR,PARENT-CHILD,1.0,13.41,13.41,1.0,13.41
ICHTHYOMYZON,GAGEI,PARENT-CHILD,1.0,13.0,13.0,1.0,13.0
ICTALURIDAE,SALMONIDAE,PARENT-CHILD,1.0,11.09,11.09,1.0,11.09
ICTALURIS,PUNCTATUS,CHILD-PARENT,1.0,10.35,10.35,1.0,10.35
ICTALURUS,FURCATUS,PARENT-CHILD,2.0,11.3,11.3,2.0,11.3
ICTALURUS,PUNCTATUS,PARENT-CHILD,22.0,13.87,13.87,22.0,13.87
ICTIOBUS,BUBALUS,PARENT-CHILD,2.0,13.67,13.67,2.0,13.67
ICTIOBUS,CYPRINELLUS,PARENT-CHILD,1.0,13.0,13.0,1.0,13.0
INVADER,PARVA,CHILD-PARENT,1.0,13.41,13.41,1.0,13.41
INVADER,PSEUDORASBORA,CHILD-PARENT,1.0,13.41,13.41,1.0,13.41
KINDTII,LONGIMANUS,CHILD-PARENT,1.0,11.41,11.41,1.0,11.41
KUHLIA,RUPESTRIS,PARENT-CHILD,5.0,12.62,12.62,5.0,12.62
LA.,SICCULUS,CHILD-PARENT,1.0,13.41,13.41,1.0,13.41
LABIDESTHES,SICCULUS,PARENT-CHILD,1.0,13.41,13.41,1.0,13.41
LAMPETRA,AEPYPTERA,PARENT-CHILD,1.0,8.76,8.76,1.0,8.76
LAMPETRA,AYRESI,PARENT-CHILD,1.0,8.76,8.76,1.0,8.76
LAMPETRA,CAMTSCHATICA,PARENT-CHILD,1.0,8.76,8.76,1.0,8.76
LAMPETRA,FLUVIATILIS,PARENT-CHILD,25.0,11.15,11.15,25.0,11.15
LAMPETRA,PLANERI,PARENT-CHILD,24.0,12.97,12.97,24.0,12.97
LAMPETRA,REISSNERI,PARENT-CHILD,1.0,8.65,8.65,1.0,8.65
LAMPETRA,RICHARDSONI,PARENT-CHILD,2.0,9.75,9.75,2.0,9.75
LAMPETRA,SPP,PARENT-CHILD,2.0,9.69,9.69,2.0,9.69
LAMPETRA,TRIDENTATA,PARENT-CHILD,17.0,12.57,12.57,17.0,12.57
LATEOLABRAX,JAPONICUS,CHILD-PARENT,1.0,10.54,10.54,1.0,10.54
LATIPINNU,MARGINATUS,CHILD-PARENT,1.0,12.41,12.41,1.0,12.41
LAVINIA,EXILICAUDA,PARENT-CHILD,1.0,13.99,13.99,1.0,13.99
LECITHASTER,GIBBOSUS,CHILD-PARENT,1.0,8.96,8.96,1.0,8.96
LENTIPES,CONCOLOR,PARENT-CHILD,8.0,13.99,13.99,8.0,13.99
LEPIDOPTERA,LEPIDOPTERA,CHILD-PARENT,1.0,12.41,12.41,1.0,12.41
LEPISOSTEUS,HIODON,PARENT-CHILD,2.0,11.0,11.0,2.0,11.0
LEPISOSTEUS,OCULATUS,PARENT-CHILD,10.0,13.15,13.15,10.0,13.15
LEPISOSTEUS,OSSEUS,PARENT-CHILD,11.0,13.25,13.25,11.0,13.25
LEPISOSTEUS,PLATOSTOMUS,PARENT-CHILD,2.0,11.24,11.24,2.0,11.24
LEPOMIS,CONSUMPTION,PARENT-CHILD,2.0,8.79,8.79,2.0,8.79
LEPOMIS,CYANELLUS,PARENT-CHILD,14.0,11.47,11.47,14.0,11.47
LEPOMIS,ETHEOSTOMA,PARENT-CHILD,1.0,7.76,7.76,1.0,7.76
LEPOMIS,GIBBOSUS,PARENT-CHILD,60.0,13.18,13.18,60.0,13.18
LEPOMIS,GULOSUS,PARENT-CHILD,2.0,8.76,8.76,2.0,8.76
LEPOMIS,HUMILIS,PARENT-CHILD,1.0,7.8,7.8,1.0,7.8
LEPOMIS,HUMILUS,PARENT-CHILD,1.0,7.8,7.8,1.0,7.8
LEPOMIS,LINNAEUS,PARENT-CHILD,2.0,7.92,7.92,2.0,7.92
LEPOMIS,MACHROCHIRUS,PARENT-CHILD,1.0,7.8,7.8,1.0,7.8
LEPOMIS,MACROCHIRUS,PARENT-CHILD,56.0,13.14,13.14,56.0,13.14
LEPOMIS,MARGINATUS,PARENT-CHILD,4.0,9.76,9.76,4.0,9.76
LEPOMIS,MICROLOPHUS,PARENT-CHILD,2.0,8.79,8.79,2.0,8.79
LEPOMIS,MICROPTERUS,PARENT-CHILD,1.0,13.41,13.41,1.0,13.41
LEPORINUS,ELONGATUS,PARENT-CHILD,1.0,11.09,11.09,1.0,11.09
LEPORINUS,FRIDERICI,PARENT-CHILD,3.0,12.77,12.77,3.0,12.77
LEPORINUS,OBTUSIDENS,PARENT-CHILD,2.0,12.19,12.19,2.0,12.19
LEPORINUS,OCTOFASCIATUS,PARENT-CHILD,4.0,13.09,13.09,4.0,13.09
LEPORINUS,YOPHORUS,PARENT-CHILD,1.0,11.41,11.41,1.0,11.41
LEPTOCOTTUS,ARMATUS,PARENT-CHILD,2.0,13.99,13.99,2.0,13.99
LEPTODORA,KINDTII,PARENT-CHILD,6.0,13.88,13.88,6.0,13.88
LETHENTERON,ALASKENSE,PARENT-CHILD,1.0,11.67,11.67,1.0,11.67
LETHENTERON,CAMTSCHATICUM,PARENT-CHILD,2.0,12.54,12.54,2.0,12.54
LETHENTERON,REISSNERI,PARENT-CHILD,6.0,13.58,13.58,6.0,13.58
LEUCASPIUS,DELINEATUS,PARENT-CHILD,6.0,13.88,13.88,6.0,13.88
LEUCISCUS,CEPHALUS,PARENT-CHILD,37.0,13.15,13.15,37.0,13.15
LEUCISCUS,IDUS,PARENT-CHILD,3.0,10.35,10.35,3.0,10.35
LEUCISCUS,LEUCISCUS,PARENT-CHILD,26.0,13.06,13.06,26.0,13.06
LEUCISCUS,LEUSCISCUS,PARENT-CHILD,1.0,8.81,8.81,1.0,8.81
LEUCISCUS,PYRENAICUS,PARENT-CHILD,5.0,11.04,11.04,5.0,11.04
LIGULA,INTESTINALIS,PARENT-CHILD,9.0,13.99,13.99,9.0,13.99
LIMANDA,LIMANDA,PARENT-CHILD,2.0,13.99,13.99,2.0,13.99
LIRCEUS,FONTINALIS,CHILD-PARENT,1.0,7.63,7.63,1.0,7.63
LONGISPINA,TRICHOPTERA,PARENT-CHILD,1.0,12.68,12.68,1.0,12.68
LONTRA,CANADENSIS,PARENT-CHILD,2.0,11.75,11.75,2.0,11.75
LONTRA,ESOX,PARENT-CHILD,1.0,11.67,11.67,1.0,11.67
LONTRA,LUCIUS,PARENT-CHILD,1.0,11.67,11.67,1.0,11.67
LONTRA,SANDER,PARENT-CHILD,1.0,11.99,11.99,1.0,11.99
LONTRA,VITREUS,PARENT-CHILD,1.0,11.99,11.99,1.0,11.99
LORICARIIDAE,PIMELODIDAE,PARENT-CHILD,1.0,13.41,13.41,1.0,13.41
LOTA,CATOSTOMUS,PARENT-CHILD,1.0,10.91,10.91,1.0,10.91
LOTA,LINNAEUS,PARENT-CHILD,2.0,7.734999999999999,7.734999999999999,2.0,7.734999999999999
LOTA,LINNEAUS,PARENT-CHILD,4.0,13.19,13.19,4.0,13.19
LOTA,LOTA,PARENT-CHILD,55.0,11.56,11.56,55.0,11.56
LOTIDAE,SALMONIDAE,PARENT-CHILD,2.0,11.99,11.99,2.0,11.99
LUCIOBARBUS,ALBANICUS,PARENT-CHILD,1.0,13.99,13.99,1.0,13.99
LUCIOPERCA,LUCIUS,PARENT-CHILD,1.0,11.83,11.83,1.0,11.83
LUCIUS,BJOERKNA,CHILD-PARENT,1.0,9.35,9.35,1.0,9.35
LUCIUS,CYANELLUS,CHILD-PARENT,1.0,9.71,9.71,1.0,9.71
LUCIUS,FLUVIATILIS,CHILD-PARENT,5.0,9.05,9.05,5.0,9.05
LUCIUS,LINNAEUS,CHILD-PARENT,15.0,11.69,11.69,15.0,11.69
LUCIUS,NASUS,CHILD-PARENT,1.0,9.09,9.09,1.0,9.09
LUTJANUS,GOREENSIS,PARENT-CHILD,1.0,12.68,12.68,1.0,12.68
LUTJANUS,GRISEUS,PARENT-CHILD,3.0,13.77,13.77,3.0,13.77
LUTRA,ALCEDO,PARENT-CHILD,1.0,12.19,12.19,1.0,12.19
LUTRA,ARDEA,PARENT-CHILD,1.0,12.19,12.19,1.0,12.19
LUTRA,ATTHIS,PARENT-CHILD,1.0,12.19,12.19,1.0,12.19
LUTRA,EGRETTA,PARENT-CHILD,1.0,12.19,12.19,1.0,12.19
LUTRA,GARZETTA,PARENT-CHILD,1.0,12.19,12.19,1.0,12.19
LUTRA,LUTRA,PARENT-CHILD,12.0,13.99,13.99,12.0,13.99
LUXILUS,CHRYSOCEPHALUS,PARENT-CHILD,3.0,13.41,13.41,3.0,13.41
LUXILUS,CORNUTUS,PARENT-CHILD,3.0,13.26,13.26,3.0,13.26
LYTECHINUS,VARIEGATUS,CHILD-PARENT,1.0,13.99,13.99,1.0,13.99
MACCULLOCHELLA,IKEI,PARENT-CHILD,1.0,10.54,10.54,1.0,10.54
MACCULLOCHELLA,MACQUARIENSIS,PARENT-CHILD,2.0,11.47,11.47,2.0,11.47
MACCULLOCHELLA,PEELII,PARENT-CHILD,17.0,13.83,13.83,17.0,13.83
MACCULLOCHELLA,PEELLII,PARENT-CHILD,1.0,10.54,10.54,1.0,10.54
MACQUARIA,AMBIGUA,PARENT-CHILD,19.0,13.46,13.46,19.0,13.46
MACQUARIA,AUSTRALASICA,PARENT-CHILD,13.0,13.12,13.12,13.0,13.12
MACQUARIA,NOVEMACULEATA,PARENT-CHILD,2.0,10.79,10.79,2.0,10.79
MACQUARIA,PERCICHTHYIDAE,PARENT-CHILD,1.0,9.71,9.71,1.0,9.71
MACRHYBOPSIS,AESTIVALIS,PARENT-CHILD,2.0,13.19,13.19,2.0,13.19
MACRHYBOPSIS,MEEKI,PARENT-CHILD,3.0,13.58,13.58,3.0,13.58
MACROCHIRUS,MACROCHIRUS,CHILD-PARENT,1.0,9.14,9.14,1.0,9.14
MACROPOMUM,CHARACIFORMES,CHILD-PARENT,1.0,13.41,13.41,1.0,13.41
MACULATUS,MESOPOTAMICUS,PARENT-CHILD,1.0,12.68,12.68,1.0,12.68
MACULATUS,NASUTUS,PARENT-CHILD,1.0,13.0,13.0,1.0,13.0
MALLOTUS,VILLOSUS,PARENT-CHILD,2.0,13.99,13.99,2.0,13.99
MAQUARIA,AMBIGUA,CHILD-PARENT,1.0,10.6,10.6,1.0,10.6
MARCUSENIUS,MOORII,CHILD-PARENT,1.0,13.0,13.0,1.0,13.0
MARGARISCUS,MARGARITA,PARENT-CHILD,3.0,13.99,13.99,3.0,13.99
MARINUS,LINNAEUS,PARENT-CHILD,4.0,10.0,10.0,4.0,10.0
MEGALOPTERA,DIPTERA,PARENT-CHILD,1.0,11.3,11.3,1.0,11.3
MEGALOPTERA,EPHEMEROPTERA,PARENT-CHILD,2.0,12.54,12.54,2.0,12.54
MEGALOPTERA,TRICHOPTERA,PARENT-CHILD,1.0,10.47,10.47,1.0,10.47
MEGALOTIS,ETHEOSTOMA,PARENT-CHILD,1.0,12.41,12.41,1.0,12.41
MELANOTAENIA,AUSTRALIS,CHILD-PARENT,2.0,11.54,11.54,2.0,11.54
MELANOTAENIA,FLUVIATILIS,CHILD-PARENT,3.0,8.38,8.38,3.0,8.38
MENIDIA,BERYLLINA,PARENT-CHILD,5.0,13.0,13.0,5.0,13.0
MENIDIA,MENIDIA,PARENT-CHILD,9.0,13.64,13.64,9.0,13.64
MERGUS,ALBELLUS,PARENT-CHILD,2.0,13.41,13.41,2.0,13.41
MERGUS,MERGANSER,PARENT-CHILD,2.0,13.41,13.41,2.0,13.41
MERLUCCIUS,MERLUCCIUS,PARENT-CHILD,2.0,13.99,13.99,2.0,13.99
METRIACLIMA,ZEBRA,PARENT-CHILD,1.0,13.0,13.0,1.0,13.0
METYNNIS,MACULATUS,PARENT-CHILD,3.0,10.8,10.8,3.0,10.8
MICROPTERUS,DOLOMIEU,PARENT-CHILD,36.0,13.77,13.77,36.0,13.77
MICROPTERUS,DOLOMIEUI,PARENT-CHILD,8.0,12.19,12.19,8.0,12.19
MICROPTERUS,ETHEOSTOMA,PARENT-CHILD,1.0,9.27,9.27,1.0,9.27
MICROPTERUS,PUNCTATUS,PARENT-CHILD,1.0,8.82,8.82,1.0,8.82
MICROPTERUS,PUNCTULATUS,PARENT-CHILD,2.0,10.35,10.35,2.0,10.35
MIRABILIS,PIMEPHALES,PARENT-CHILD,1.0,11.99,11.99,1.0,11.99
MIRANDA,MIRZA,PARENT-CHILD,1.0,13.99,13.99,1.0,13.99
MISGURNUS,ANGUILLICAUDATUS,PARENT-CHILD,14.0,13.85,13.85,14.0,13.85
MISGURNUS,FOSSILIS,PARENT-CHILD,3.0,12.26,12.26,3.0,12.26
MOLLUSCA,BIVALVIA,PARENT-CHILD,1.0,13.41,13.41,1.0,13.41
MOLLUSCA,TRICHOPTERA,PARENT-CHILD,1.0,10.6,10.6,1.0,10.6
MORONE,MISSISSIPIENSIS,PARENT-CHILD,1.0,10.3,10.3,1.0,10.3
MORONE,MISSISSIPPIENSIS,PARENT-CHILD,3.0,11.77,11.77,3.0,11.77
MORONE,SAXATILIS,PARENT-CHILD,21.0,13.86,13.86,21.0,13.86
MORONIDAE,MORONE,CHILD-PARENT,3.0,13.26,13.26,3.0,13.26
MOXOSTOMA,DUQUESNEI,PARENT-CHILD,4.0,12.75,12.75,4.0,12.75
MOXOSTOMA,ERYTHRURUM,PARENT-CHILD,2.0,11.83,11.83,2.0,11.83
MOXOSTOMA,MACROLEPIDOTUM,PARENT-CHILD,2.0,11.91,11.91,2.0,11.91
MOXOSTOMA,MACROLEPIDUM,PARENT-CHILD,1.0,11.0,11.0,1.0,11.0
MOXOSTOMA,VALENCIENNESI,PARENT-CHILD,6.0,13.19,13.19,6.0,13.19
MUGIL,CEPHALUS,PARENT-CHILD,6.0,11.5,11.5,6.0,11.5
MUGIL,LINNAEUS,PARENT-CHILD,1.0,7.97,7.97,1.0,7.97
MUGILIDAE,TERAPONTIDAE,PARENT-CHILD,1.0,13.99,13.99,1.0,13.99
MUS,MUSCULUS,PARENT-CHILD,2.0,13.99,13.99,2.0,13.99
MUSTELA,ESOX,PARENT-CHILD,1.0,11.99,11.99,1.0,11.99
MUSTELA,LUCIUS,PARENT-CHILD,1.0,11.99,11.99,1.0,11.99
MUSTELA,VISON,PARENT-CHILD,5.0,13.86,13.86,5.0,13.86
MYERSII,SPILOPLEURA,CHILD-PARENT,1.0,13.41,13.41,1.0,13.41
MYLOCHEILUS,CAURINUS,PARENT-CHILD,2.0,13.99,13.99,2.0,13.99
MYOXOCEPHALUS,SCORPIUS,PARENT-CHILD,1.0,12.19,12.19,1.0,12.19
MYOXOCEPHALUS,THOMPSONI,PARENT-CHILD,1.0,12.19,12.19,1.0,12.19
MYOXOCEPHALUS,THOMPSONII,PARENT-CHILD,4.0,13.67,13.67,4.0,13.67
MYRIOPHYLLUM,CERATOPHYLLUM,PARENT-CHILD,1.0,12.19,12.19,1.0,12.19
MYRIOPHYLLUM,SPICATUM,PARENT-CHILD,5.0,13.73,13.73,5.0,13.73
MYSIDAE,GAMMARIDAE,CHILD-PARENT,1.0,13.41,13.41,1.0,13.41
MYSIS,DILUVANIA,PARENT-CHILD,1.0,10.35,10.35,1.0,10.35
MYSIS,DILUVIANA,PARENT-CHILD,8.0,13.0,13.0,8.0,13.0
MYSIS,RELICATA,PARENT-CHILD,1.0,10.35,10.35,1.0,10.35
MYSIS,RELICTA,PARENT-CHILD,14.0,13.55,13.55,14.0,13.55
MYTILUS,TROSSULUS,PARENT-CHILD,1.0,13.41,13.41,1.0,13.41
NANA,ROSTRATA,PARENT-CHILD,1.0,9.87,9.87,1.0,9.87
NANNOPERCA,AUSTRALIS,CHILD-PARENT,1.0,10.91,10.91,1.0,10.91
NATALIS,PERCA,PARENT-CHILD,1.0,12.19,12.19,1.0,12.19
NEBULOSUS,AURATUS,PARENT-CHILD,1.0,9.95,9.95,1.0,9.95
NEOCHANNA,DIVERSUS,PARENT-CHILD,3.0,13.99,13.99,3.0,13.99
NEOECHINORHYNCHUS,PUNGITIUS,CHILD-PARENT,1.0,9.35,9.35,1.0,9.35
NEOGOBIUS,FLUVIATILIS,PARENT-CHILD,6.0,9.07,9.07,6.0,9.07
NEOGOBIUS,GYMNOTRACHELUS,PARENT-CHILD,3.0,10.22,10.22,3.0,10.22
NEOGOBIUS,KESSLERI,PARENT-CHILD,3.0,10.22,10.22,3.0,10.22
NEOGOBIUS,MELANOSTOMUS,PARENT-CHILD,67.0,13.84,13.84,67.0,13.84
NEOLAMPROLOGUS,PULCHER,PARENT-CHILD,1.0,13.99,13.99,1.0,13.99
NEOVISON,VISON,PARENT-CHILD,1.0,12.19,12.19,1.0,12.19
NICOLA,ELVIRA,PARENT-CHILD,2.0,13.99,13.99,2.0,13.99
NILOTICUS,LINNAEUS,CHILD-PARENT,1.0,8.03,8.03,1.0,8.03
NOCOMIS,BIGUTTATUS,PARENT-CHILD,4.0,12.68,12.68,4.0,12.68
NOCOMIS,CAMPOSTOMA,PARENT-CHILD,1.0,10.91,10.91,1.0,10.91
NOCOMIS,LEPTOCEPHALUS,PARENT-CHILD,4.0,12.68,12.68,4.0,12.68
NOCOMIS,MICROPOGON,PARENT-CHILD,5.0,12.92,12.92,5.0,12.92
NOCOMIS,PLATYRYNCHUS,PARENT-CHILD,1.0,10.91,10.91,1.0,10.91
NOCOMIS,RANEYI,PARENT-CHILD,1.0,10.91,10.91,1.0,10.91
NOTEMIGONUS,CRYSOLEUCAS,PARENT-CHILD,3.0,13.77,13.77,3.0,13.77
NOTEMIGONUS,HYBOGNATHUS,PARENT-CHILD,1.0,12.68,12.68,1.0,12.68
NOTHOFAGUS,SPP,CHILD-PARENT,1.0,12.41,12.41,1.0,12.41
NOTOSTRACA,GASTROPODA,CHILD-PARENT,1.0,13.41,13.41,1.0,13.41
NOTROPIS,BAILEYI,PARENT-CHILD,4.0,11.14,11.14,4.0,11.14
NOTROPIS,BLENNIUS,PARENT-CHILD,2.0,10.19,10.19,2.0,10.19
NOTROPIS,BUCCULA,PARENT-CHILD,4.0,11.14,11.14,4.0,11.14
NOTROPIS,CAERULEUS,PARENT-CHILD,1.0,9.21,9.21,1.0,9.21
NOTROPIS,CORNUTUS,PARENT-CHILD,1.0,9.14,9.14,1.0,9.14
NOTROPIS,DORSALIS,PARENT-CHILD,1.0,9.21,9.21,1.0,9.21
NOTROPIS,HUDSONIUS,PARENT-CHILD,7.0,11.85,11.85,7.0,11.85
NOTROPIS,LUTIPINNIS,PARENT-CHILD,6.0,11.67,11.67,6.0,11.67
NOTROPIS,LUTIPPINIS,PARENT-CHILD,1.0,9.21,9.21,1.0,9.21
NOTROPIS,LUTRENSIS,PARENT-CHILD,3.0,10.54,10.54,3.0,10.54
NOTROPIS,NOTROPIS,PARENT-CHILD,2.0,10.16,10.16,2.0,10.16
NOTROPIS,OXYRHYNCHUS,PARENT-CHILD,3.0,10.75,10.75,3.0,10.75
NOTROPIS,PERCINA,PARENT-CHILD,1.0,9.06,9.06,1.0,9.06
NOTROPIS,ROSEIPINNIS,PARENT-CHILD,1.0,9.21,9.21,1.0,9.21
NOTROPIS,SHUMARDI,PARENT-CHILD,2.0,10.19,10.19,2.0,10.19
NOTROPIS,SPILOPTERUS,PARENT-CHILD,1.0,9.21,9.21,1.0,9.21
NOTROPIS,STRAMINEUS,PARENT-CHILD,6.0,11.61,11.61,6.0,11.61
NOTROPIS,TEXANUS,PARENT-CHILD,4.0,10.93,10.93,4.0,10.93
NOTROPIS,VENUSTUS,PARENT-CHILD,3.0,10.75,10.75,3.0,10.75
NOTROPIS,VOLUCELLUS,PARENT-CHILD,1.0,9.21,9.21,1.0,9.21
NOTURUS,MUNITUS,PARENT-CHILD,1.0,13.41,13.41,1.0,13.41
NOTURUS,PERCINA,PARENT-CHILD,1.0,11.83,11.83,1.0,11.83
NUPHAR,LUTEA,PARENT-CHILD,2.0,13.67,13.67,2.0,13.67
NUPHAR,LUTEUM,PARENT-CHILD,1.0,13.0,13.0,1.0,13.0
NYMPHAEA,LOTUS,PARENT-CHILD,1.0,13.0,13.0,1.0,13.0
NYMPHAEA,MACULATUS,PARENT-CHILD,1.0,9.24,9.24,1.0,9.24
OCULATUS,OSSEUS,PARENT-CHILD,1.0,11.3,11.3,1.0,11.3
ODONATA,AMPHIPODA,PARENT-CHILD,1.0,12.68,12.68,1.0,12.68
ODONATA,DIPTERA,PARENT-CHILD,1.0,11.3,11.3,1.0,11.3
ODONATA,PLECOPTERA,PARENT-CHILD,1.0,11.3,11.3,1.0,11.3
ODONATA,TRICHOPTERA,PARENT-CHILD,1.0,10.47,10.47,1.0,10.47
OECOLOGIA,APPLICATA,PARENT-CHILD,1.0,13.99,13.99,1.0,13.99
OECONOMUS,RUTILUS,CHILD-PARENT,1.0,7.27,7.27,1.0,7.27
OLIGOCHAETA,CRUSTACEA,PARENT-CHILD,1.0,13.41,13.41,1.0,13.41
OLIGOCHAETA,EPHEMEROPTERA,PARENT-CHILD,1.0,11.83,11.83,1.0,11.83
OLIGOSARCUS,HEPSETUS,PARENT-CHILD,1.0,13.99,13.99,1.0,13.99
OLIVARIS,MORONE,PARENT-CHILD,2.0,12.83,12.83,2.0,12.83
OLMSTEDI,PERCA,CHILD-PARENT,1.0,12.19,12.19,1.0,12.19
ONCHORHYNCHUS,CLARKI,PARENT-CHILD,2.0,11.3,11.3,2.0,11.3
ONCHORHYNCHUS,MYKISS,PARENT-CHILD,5.0,9.41,9.41,5.0,9.41
ONCHORHYNCHUS,NERKA,PARENT-CHILD,1.0,8.09,8.09,1.0,8.09
ONCHORHYNCHUS,NERKU,PARENT-CHILD,1.0,11.3,11.3,1.0,11.3
ONCHORHYNCHUS,TSCHAWYTSCHA,PARENT-CHILD,1.0,11.19,11.19,1.0,11.19
ONCHORHYNCHUS,TSHAWYTSCHA,PARENT-CHILD,1.0,8.13,8.13,1.0,8.13
ONCHORHYNRUS,KISUTCH,CHILD-PARENT,1.0,7.8,7.8,1.0,7.8
ONCHORYCHUS,KISUTCH,CHILD-PARENT,1.0,7.8,7.8,1.0,7.8
ONCHORYNCHUS,MYKISS,CHILD-PARENT,2.0,8.14,8.14,2.0,8.14
ONCORCHYNCHUS,TSHAWYTSCHA,CHILD-PARENT,1.0,8.27,8.27,1.0,8.27
ONCORHYCHUS,NERKA,PARENT-CHILD,1.0,8.22,8.22,1.0,8.22
ONCORHYNCHUS,CLARKI,PARENT-CHILD,12.0,9.27,9.27,12.0,9.27
ONCORHYNCHUS,CLARKII,PARENT-CHILD,5.0,8.0,8.0,5.0,8.0
ONCORHYNCHUS,GORBUSCHA,PARENT-CHILD,15.0,9.58,9.58,15.0,9.58
ONCORHYNCHUS,KETA,PARENT-CHILD,14.0,9.49,9.49,14.0,9.49
ONCORHYNCHUS,KISUTCH,PARENT-CHILD,138.0,12.52,12.52,138.0,12.52
ONCORHYNCHUS,KITSUTCH,PARENT-CHILD,2.0,6.71,6.71,2.0,6.71
ONCORHYNCHUS,MASOU,CHILD-PARENT,1.0,5.72,5.72,1.0,5.72
ONCORHYNCHUS,MASU,PARENT-CHILD,2.0,6.71,6.71,2.0,6.71
ONCORHYNCHUS,MYKISS,PARENT-CHILD,212.0,12.99,12.99,212.0,12.99
ONCORHYNCHUS,NERKA,PARENT-CHILD,105.0,12.2,12.2,105.0,12.2
ONCORHYNCHUS,ONCORHYNCHUS,PARENT-CHILD,2.0,6.7,6.7,2.0,6.7
ONCORHYNCHUS,RHODURUS,PARENT-CHILD,2.0,6.71,6.71,2.0,6.71
ONCORHYNCHUS,SPP,PARENT-CHILD,2.0,6.71,6.71,2.0,6.71
ONCORHYNCHUS,TSCHAWYTSCHA,PARENT-CHILD,2.0,6.71,6.71,2.0,6.71
ONCORHYNCHUS,TSHAWYTSCHA,PARENT-CHILD,101.0,12.15,12.15,101.0,12.15
ONCORHYNCUS,GORBUSCHA,CHILD-PARENT,1.0,10.35,10.35,1.0,10.35
ONCORHYNCUS,KETA,CHILD-PARENT,1.0,10.41,10.41,1.0,10.41
ONCORHYNCUS,KISUTCH,CHILD-PARENT,4.0,9.72,9.72,4.0,9.72
ONCORHYNCUS,NERKA,CHILD-PARENT,1.0,8.11,8.11,1.0,8.11
ONCORHYNCUS,TSHAWYTSCHA,CHILD-PARENT,2.0,9.16,9.16,2.0,9.16
ONCORHYNUS,KISUTCH,CHILD-PARENT,1.0,7.8,7.8,1.0,7.8
ONCORLIYNCHUS,NERKA,CHILD-PARENT,1.0,8.22,8.22,1.0,8.22
ONCORYNCHUS,KISUTCH,CHILD-PARENT,1.0,7.79,7.79,1.0,7.79
ONCORYNCHUS,MYKISS,CHILD-PARENT,1.0,7.15,7.15,1.0,7.15
OPSOPOEODUS,EMILIAE,PARENT-CHILD,1.0,13.41,13.41,1.0,13.41
OPSOPOEODUS,NOTEMIGONUS,PARENT-CHILD,1.0,13.41,13.41,1.0,13.41
ORNATA,LEPIDOPTERA,CHILD-PARENT,1.0,12.41,12.41,1.0,12.41
ORTHOCLADIINAE,CLADOCERA,PARENT-CHILD,1.0,11.99,11.99,1.0,11.99
ORTHOCLADIINAE,TANYPODINAE,PARENT-CHILD,1.0,13.41,13.41,1.0,13.41
ORYZIAS,SINENSIS,CHILD-PARENT,1.0,13.99,13.99,1.0,13.99
OSMERIDAE,MORDAX,PARENT-CHILD,2.0,11.41,11.41,2.0,11.41
OSMERUS,EPERLANUS,PARENT-CHILD,20.0,13.51,13.51,20.0,13.51
OSMERUS,MORDAX,PARENT-CHILD,16.0,13.14,13.14,16.0,13.14
OSSEUS,CATCH,PARENT-CHILD,1.0,13.99,13.99,1.0,13.99
OSSEUS,HIODON,PARENT-CHILD,2.0,12.83,12.83,2.0,12.83
OSTARIOPHYSI,CHARACIFORMES,PARENT-CHILD,1.0,13.0,13.0,1.0,13.0
OSTARIOPHYSI,DORADIDAE,PARENT-CHILD,1.0,13.0,13.0,1.0,13.0
OSTEICHTHYES,CHARACIDAE,PARENT-CHILD,1.0,11.99,11.99,1.0,11.99
OSTEICHTHYES,CYPINIDAE,PARENT-CHILD,1.0,12.68,12.68,1.0,12.68
OSTEICHTHYES,DORADIDAE,PARENT-CHILD,1.0,12.41,12.41,1.0,12.41
OSTEICHTHYES,SILURIFORMES,PARENT-CHILD,1.0,12.68,12.68,1.0,12.68
OSTRACODA,AFFINIS,PARENT-CHILD,1.0,9.41,9.41,1.0,9.41
OSTRACODA,CHIRONOMIDAE,PARENT-CHILD,1.0,12.19,12.19,1.0,12.19
OSTRACODA,DIPTERA,PARENT-CHILD,1.0,11.41,11.41,1.0,11.41
OVIS,CANADENSIS,CHILD-PARENT,1.0,10.82,10.82,1.0,10.82
PAGRUS,AURATUS,CHILD-PARENT,4.0,11.83,11.83,4.0,11.83
PANNELLA,SICYDIINAE,CHILD-PARENT,1.0,13.99,13.99,1.0,13.99
PARALICHTHYS,DENTATIS,PARENT-CHILD,1.0,13.99,13.99,1.0,13.99
PARANANOCHROMIS,LONGIROSTRIS,CHILD-PARENT,1.0,12.41,12.41,1.0,12.41
PARASALMO,MYKISS,PARENT-CHILD,5.0,9.45,9.45,5.0,9.45
PARASSALMO,MYKISS,CHILD-PARENT,1.0,7.15,7.15,1.0,7.15
PARUS,MAJOR,PARENT-CHILD,2.0,13.41,13.41,2.0,13.41
PARVA,LUCIOPERCA,PARENT-CHILD,2.0,9.75,9.75,2.0,9.75
PCRCN,LINNAEUS,CHILD-PARENT,1.0,8.03,8.03,1.0,8.03
PEDICULUS,NANA,CHILD-PARENT,1.0,13.0,13.0,1.0,13.0
PERCA,FLAVESCENS,PARENT-CHILD,53.0,12.27,12.27,53.0,12.27
PERCA,FLUVIATILIS,PARENT-CHILD,230.0,13.66,13.66,230.0,13.66
PERCA,JKZVESCENS,PARENT-CHILD,1.0,6.79,6.79,1.0,6.79
PERCA,JUVIATILIS,PARENT-CHILD,2.0,7.79,7.79,2.0,7.79
PERCA,LINNAEUS,PARENT-CHILD,7.0,9.1,9.1,7.0,9.1
PERCICHTHYS,THRUCHA,PARENT-CHILD,1.0,13.0,13.0,1.0,13.0
PERCICHTHYS,TRUCHA,PARENT-CHILD,2.0,13.67,13.67,2.0,13.67
PERCIDAE,CYPRINIDAE,PARENT-CHILD,1.0,10.54,10.54,1.0,10.54
PERCIDAE,FLAVESCENS,PARENT-CHILD,1.0,8.96,8.96,1.0,8.96
PERCIDAE,FLUVIATILIS,PARENT-CHILD,2.0,9.74,9.74,2.0,9.74
PERCIDAE,PERCA,PARENT-CHILD,2.0,11.934999999999999,11.934999999999999,2.0,11.934999999999999
PERCIDAE,SALMONIDAE,PARENT-CHILD,2.0,11.54,11.54,2.0,11.54
PERCIDAE,SILURIDAE,PARENT-CHILD,1.0,11.54,11.54,1.0,11.54
PERCIDAE,TELEOSTEI,PARENT-CHILD,1.0,11.19,11.19,1.0,11.19
PERCIFORMES,CICHLIDAE,PARENT-CHILD,1.0,11.99,11.99,1.0,11.99
PERCIFORMES,GOBIIDAE,PARENT-CHILD,1.0,11.83,11.83,1.0,11.83
PERCIFORMES,PERCICHTHYIDAE,PARENT-CHILD,2.0,12.83,12.83,2.0,12.83
PERCIFORMES,SPARIDAE,PARENT-CHILD,1.0,12.19,12.19,1.0,12.19
PERCINA,AUROLINEATA,PARENT-CHILD,8.0,13.04,13.04,8.0,13.04
PERCINA,CAPRODES,PARENT-CHILD,3.0,11.88,11.88,3.0,11.88
PERCINA,EVIDES,PARENT-CHILD,1.0,10.41,10.41,1.0,10.41
PERCINA,PALMARIS,PARENT-CHILD,1.0,10.41,10.41,1.0,10.41
PERCINA,PATHERINA,PARENT-CHILD,1.0,10.41,10.41,1.0,10.41
PERCINA,PERCINA,PARENT-CHILD,1.0,10.09,10.09,1.0,10.09
PERCINA,ROANOKA,PARENT-CHILD,1.0,10.41,10.41,1.0,10.41
PERCINA,TANASI,PARENT-CHILD,7.0,12.9,12.9,7.0,12.9
PERCOIDES,AUSTRALIS,PARENT-CHILD,1.0,11.09,11.09,1.0,11.09
PERCU,FLUVIATILIS,CHILD-PARENT,1.0,6.84,6.84,1.0,6.84
PETENYI,LOTA,CHILD-PARENT,1.0,9.19,9.19,1.0,9.19
PETROMYZON,LINNAEUS,PARENT-CHILD,4.0,9.69,9.69,4.0,9.69
PETROMYZON,MARINUS,PARENT-CHILD,30.0,13.91,13.91,30.0,13.91
PETROMYZONTIDAE,SILURIDAE,PARENT-CHILD,1.0,13.0,13.0,1.0,13.0
PHALACROCORAX,CARBO,PARENT-CHILD,1.0,13.41,13.41,1.0,13.41
PHALACROCORAX,CARBOSINENSIS,PARENT-CHILD,1.0,13.41,13.41,1.0,13.41
PHALARIS,LINNAEUS,CHILD-PARENT,1.0,8.03,8.03,1.0,8.03
PHALAROIDES,ARUNDINACEA,CHILD-PARENT,1.0,13.99,13.99,1.0,13.99
PHENACOBIUS,PIMEPHALES,PARENT-CHILD,1.0,11.99,11.99,1.0,11.99
PHONIXUS,PHOXINUS,CHILD-PARENT,1.0,9.24,9.24,1.0,9.24
PHOSINUS,EOS,CHILD-PARENT,1.0,13.41,13.41,1.0,13.41
PHOXINUS,CEPHALUS,PARENT-CHILD,2.0,8.55,8.55,2.0,8.55
PHOXINUS,CYPRINIDAE,PARENT-CHILD,1.0,11.0,11.0,1.0,11.0
PHOXINUS,EOS,PARENT-CHILD,1.0,9.04,9.04,1.0,9.04
PHOXINUS,ERYTHROGASTER,PARENT-CHILD,1.0,8.93,8.93,1.0,8.93
PHOXINUS,NEOGAEUS,PARENT-CHILD,6.0,11.52,11.52,6.0,11.52
PHOXINUS,PHOXINUS,PARENT-CHILD,51.0,13.85,13.85,51.0,13.85
PHOXOCEPHALA,PERCINA,PARENT-CHILD,1.0,11.99,11.99,1.0,11.99
PIMELODELLA,GRACILIS,PARENT-CHILD,1.0,13.0,13.0,1.0,13.0
PIMELODUS,MACULATUS,CHILD-PARENT,9.0,12.21,12.21,9.0,12.21
PIMEPHALES,MINYTREMA,PARENT-CHILD,1.0,10.0,10.0,1.0,10.0
PIMEPHALES,NOTATUS,PARENT-CHILD,11.0,12.57,12.57,11.0,12.57
PIMEPHALES,PROMELAS,PARENT-CHILD,11.0,13.06,13.06,11.0,13.06
PIMEPHALES,VIGILAX,PARENT-CHILD,8.0,12.68,12.68,8.0,12.68
PLATICHTHYS,FLESUS,PARENT-CHILD,4.0,13.83,13.83,4.0,13.83
PLATICHTYS,FLESUS,CHILD-PARENT,1.0,12.41,12.41,1.0,12.41
PLATYGOBIO,GRACILIS,PARENT-CHILD,1.0,13.0,13.0,1.0,13.0
PLECOGLOSSUS,ALTIVELIS,CHILD-PARENT,14.0,13.99,13.99,14.0,13.99
PLECOPTERA,HEMIPTERA,PARENT-CHILD,2.0,11.75,11.75,2.0,11.75
PLECOPTERA,PLECOPTERA,PARENT-CHILD,1.0,11.0,11.0,1.0,11.0
PLECOPTERA,TRICHOPTERA,PARENT-CHILD,4.0,12.29,12.29,4.0,12.29
PLEURONECTES,PLATESSA,PARENT-CHILD,2.0,13.99,13.99,2.0,13.99
PODICEPS,CRISTATUS,PARENT-CHILD,3.0,13.99,13.99,3.0,13.99
PODOSTEMUM,CERATOPHYLLUM,PARENT-CHILD,3.0,13.99,13.99,3.0,13.99
POECILIA,FORMOSA,PARENT-CHILD,1.0,10.0,10.0,1.0,10.0
POECILIA,LATIPINNA,PARENT-CHILD,6.0,12.38,12.38,6.0,12.38
POECILIA,POECILIIDAE,PARENT-CHILD,1.0,9.91,9.91,1.0,9.91
POECILIA,RETICULATA,PARENT-CHILD,22.0,13.67,13.67,22.0,13.67
POECILIA,SULPHURARIA,PARENT-CHILD,1.0,10.0,10.0,1.0,10.0
POECILIDAE,HOLBROOKI,CHILD-PARENT,1.0,9.3,9.3,1.0,9.3
POECILIIDAE,PERCIDAE,PARENT-CHILD,1.0,12.19,12.19,1.0,12.19
POECILIIDAE,SALMONIDAE,PARENT-CHILD,1.0,10.91,10.91,1.0,10.91
POECILIIDAE,TELEOSTEI,PARENT-CHILD,1.0,11.83,11.83,1.0,11.83
POECILIOPSIS,OCCIDENTALIS,PARENT-CHILD,1.0,13.0,13.0,1.0,13.0
POECILLIA,RETICULATA,CHILD-PARENT,2.0,11.3,11.3,2.0,11.3
POLYPHEMUS,PEDICULUS,PARENT-CHILD,1.0,13.41,13.41,1.0,13.41
POMACENTRUS,PARTITUS,CHILD-PARENT,1.0,13.41,13.41,1.0,13.41
POMATOSCHISTUS,INUTES,PARENT-CHILD,1.0,11.99,11.99,1.0,11.99
POMATOSCHISTUS,MINUTUS,PARENT-CHILD,6.0,13.88,13.88,6.0,13.88
POMOXIS,ANNULARIS,PARENT-CHILD,9.0,13.17,13.17,9.0,13.17
POMOXIS,NIGROMACULATUS,PARENT-CHILD,11.0,13.41,13.41,11.0,13.41
POMOXIS,NIGRORNUCULATUS,PARENT-CHILD,1.0,10.54,10.54,1.0,10.54
POPULUS,ALBA,PARENT-CHILD,1.0,13.41,13.41,1.0,13.41
POPULUS,PLATANUS,PARENT-CHILD,1.0,13.41,13.41,1.0,13.41
PORICHTHYS,NOTATUS,CHILD-PARENT,2.0,11.09,11.09,2.0,11.09
PORNOXIS,ANNULARIS,CHILD-PARENT,1.0,11.19,11.19,1.0,11.19
PORNOXIS,NIGROMACULATUS,CHILD-PARENT,1.0,11.09,11.09,1.0,11.09
POTAMOGETON,ILLINOENSIS,PARENT-CHILD,2.0,13.19,13.19,2.0,13.19
POTAMORHINA,ALTAMAZONICA,PARENT-CHILD,1.0,13.99,13.99,1.0,13.99
PROCAMBARUS,CLARCII,PARENT-CHILD,1.0,11.54,11.54,1.0,11.54
PROCAMBARUS,CLARKII,PARENT-CHILD,9.0,13.41,13.41,9.0,13.41
PROCHILODUS,LINEATUS,PARENT-CHILD,14.0,13.99,13.99,14.0,13.99
PROMELAS,OSTEICHTHYES,PARENT-CHILD,1.0,13.99,13.99,1.0,13.99
PROPOSIUM,WILLIAMSONI,CHILD-PARENT,1.0,11.41,11.41,1.0,11.41
PROSOPIUM,CYLINDRACEUM,PARENT-CHILD,1.0,11.41,11.41,1.0,11.41
PROSOPIUM,WILLIAMSONI,PARENT-CHILD,10.0,13.86,13.86,10.0,13.86
PROTERORCHINUS,MARMORATUS,CHILD-PARENT,1.0,9.5,9.5,1.0,9.5
PROTERORHINUS,MARMORATUS,PARENT-CHILD,3.0,10.8,10.8,3.0,10.8
PROTERORHINUS,MELANOSTOMUS,PARENT-CHILD,1.0,8.65,8.65,1.0,8.65
PROTERORHINUS,SEMILUNARIS,PARENT-CHILD,7.0,13.64,13.64,7.0,13.64
PROTOGOBIUS,ATTITI,PARENT-CHILD,1.0,13.99,13.99,1.0,13.99
PROTOTROCTES,MAREANA,PARENT-CHILD,5.0,13.99,13.99,5.0,13.99
PSEUDOCHONDROSTOMA,POLYLEPIS,CHILD-PARENT,2.0,12.83,12.83,2.0,12.83
PSEUDOGOBIUS,OLORUM,PARENT-CHILD,6.0,13.99,13.99,6.0,13.99
PSEUDOPLEURONECTES,AMERICANUS,CHILD-PARENT,2.0,13.41,13.41,2.0,13.41
PSEUDORASBORA,PARVA,PARENT-CHILD,27.0,13.97,13.97,27.0,13.97
PSEUDOTOLITHUS,ELONGATUS,CHILD-PARENT,1.0,12.68,12.68,1.0,12.68
PSEUDOTROPHEUS,MAYLANDIA,PARENT-CHILD,1.0,13.0,13.0,1.0,13.0
PSEUDOTROPHEUS,ZEBRA,PARENT-CHILD,2.0,13.41,13.41,2.0,13.41
PTERODORAS,GRANULOSUS,CHILD-PARENT,13.0,13.94,13.94,13.0,13.94
PTYCHOCHEILUS,GRANDIS,PARENT-CHILD,3.0,13.0,13.0,3.0,13.0
PTYCHOCHEILUS,LUCIUS,PARENT-CHILD,5.0,9.75,9.75,5.0,9.75
PTYCHOCHEILUS,OREGONENSIS,PARENT-CHILD,1.0,11.67,11.67,1.0,11.67
PUNCTATUM,PERUGIA,PARENT-CHILD,3.0,13.41,13.41,3.0,13.41
PUNCTULATUS,ETHEOSTOMA,PARENT-CHILD,1.0,12.41,12.41,1.0,12.41
PUNDAMILIA,NYEREREI,PARENT-CHILD,5.0,13.32,13.32,5.0,13.32
PUNGITIUS,PUNGITIUS,PARENT-CHILD,41.0,13.86,13.86,41.0,13.86
PUNGITIUS,SALMO,PARENT-CHILD,1.0,12.41,12.41,1.0,12.41
PUNGITUS,PUNGITIUS,CHILD-PARENT,1.0,9.35,9.35,1.0,9.35
PYGOCENTRUS,NATTERERI,PARENT-CHILD,3.0,13.99,13.99,3.0,13.99
PYGOSTEUS,PUNGITIUS,PARENT-CHILD,2.0,10.27,10.27,2.0,10.27
PYGOSTEUS,PUNGITUS,PARENT-CHILD,2.0,13.41,13.41,2.0,13.41
PYLODICTIS,MORONE,PARENT-CHILD,2.0,11.91,11.91,2.0,11.91
PYLODICTIS,OLI,PARENT-CHILD,1.0,11.54,11.54,1.0,11.54
PYLODICTIS,OLIVARIS,PARENT-CHILD,7.0,13.72,13.72,7.0,13.72
QUERCUS,ILEX,PARENT-CHILD,1.0,13.41,13.41,1.0,13.41
QUERCUS,POPULUS,PARENT-CHILD,1.0,13.41,13.41,1.0,13.41
RANA,PIRICA,PARENT-CHILD,1.0,13.41,13.41,1.0,13.41
RANA,SYLVATICA,PARENT-CHILD,1.0,13.0,13.0,1.0,13.0
RETICULATA,POECILIIDAE,PARENT-CHILD,1.0,13.0,13.0,1.0,13.0
RHAMDIA,QUELEN,PARENT-CHILD,1.0,13.99,13.99,1.0,13.99
RHINICHTHYES,OSCULUS,CHILD-PARENT,1.0,11.67,11.67,1.0,11.67
RHINICHTHYS,ATRATULUS,PARENT-CHILD,2.0,11.19,11.19,2.0,11.19
RHINICHTHYS,CATARACTAE,PARENT-CHILD,15.0,13.51,13.51,15.0,13.51
RHINICHTHYS,COBITIS,PARENT-CHILD,1.0,10.24,10.24,1.0,10.24
RHINICHTHYS,OSCULUS,PARENT-CHILD,8.0,12.87,12.87,8.0,12.87
RHINOGOBIUS,BRUNNEUS,PARENT-CHILD,12.0,13.12,13.12,12.0,13.12
RHINOGOBIUS,CLIFFORDPOPEI,PARENT-CHILD,9.0,12.81,12.81,9.0,12.81
RHINOGOBIUS,GIURINUS,PARENT-CHILD,11.0,13.03,13.03,11.0,13.03
RHODEUS,AMARUS,PARENT-CHILD,9.0,12.68,12.68,9.0,12.68
RHODEUS,CYPRINIDAE,PARENT-CHILD,2.0,10.35,10.35,2.0,10.35
RHODEUS,OCELLATUS,PARENT-CHILD,2.0,10.68,10.68,2.0,10.68
RHODEUS,SERICEUS,PARENT-CHILD,23.0,13.61,13.61,23.0,13.61
RICHARDSONIUS,BALTEATUS,PARENT-CHILD,12.0,13.88,13.88,12.0,13.88
RICHARDSONIUS,EGREGIUS,PARENT-CHILD,1.0,11.19,11.19,1.0,11.19
RIVER,SALIX,CHILD-PARENT,1.0,10.75,10.75,1.0,10.75
ROEBOIDES,AFFINIS,PARENT-CHILD,1.0,9.44,9.44,1.0,9.44
ROEBOIDES,MYERSII,PARENT-CHILD,1.0,13.0,13.0,1.0,13.0
ROMANOGOBIO,ALBIPINNATUS,CHILD-PARENT,1.0,13.41,13.41,1.0,13.41
ROTIFERA,CLADOCERA,PARENT-CHILD,1.0,11.99,11.99,1.0,11.99
ROTIFERA,PROTOZOA,PARENT-CHILD,1.0,13.41,13.41,1.0,13.41
RUPESTRIS,CENTRARCHIDAE,PARENT-CHILD,2.0,13.41,13.41,2.0,13.41
RUTILIS,RUTILIS,PARENT-CHILD,2.0,13.41,13.41,2.0,13.41
RUTILIS,RUTILUS,PARENT-CHILD,2.0,8.24,8.24,2.0,8.24
RUTILU,RUTILUS,PARENT-CHILD,1.0,7.27,7.27,1.0,7.27
RUTILUS,ALBURNUS,PARENT-CHILD,1.0,9.57,9.57,1.0,9.57
RUTILUS,BJOERKNA,PARENT-CHILD,1.0,9.75,9.75,1.0,9.75
RUTILUS,BRAMA,PARENT-CHILD,2.0,9.85,9.85,2.0,9.85
RUTILUS,CEPHALUS,PARENT-CHILD,1.0,8.81,8.81,1.0,8.81
RUTILUS,FLUVIATILIS,PARENT-CHILD,4.0,10.524999999999999,10.524999999999999,4.0,10.524999999999999
RUTILUS,LUCIUS,PARENT-CHILD,1.0,7.4,7.4,1.0,7.4
RUTILUS,PANOSI,PARENT-CHILD,1.0,7.32,7.32,1.0,7.32
RUTILUS,PERCA,PARENT-CHILD,1.0,12.68,12.68,1.0,12.68
RUTILUS,RUBILIO,PARENT-CHILD,1.0,7.32,7.32,1.0,7.32
RUTILUS,RURILUS,PARENT-CHILD,1.0,7.32,7.32,1.0,7.32
RUTILUS,RUTILUS,PARENT-CHILD,199.0,13.94,13.94,199.0,13.94
RUTILUS,SALMO,PARENT-CHILD,2.0,9.1,9.1,2.0,9.1
RUTILUS,SERICEUS,PARENT-CHILD,1.0,9.83,9.83,1.0,9.83
RUTILUS,TINCA,PARENT-CHILD,1.0,9.53,9.53,1.0,9.53
SAGITTARIA,LATIFOLIA,PARENT-CHILD,1.0,13.41,13.41,1.0,13.41
SALAR,LINNAEUS,PARENT-CHILD,3.0,9.58,9.58,3.0,9.58
SALARIA,FLUVIATILIS,PARENT-CHILD,3.0,8.41,8.41,3.0,8.41
SALIX,ALNUS,PARENT-CHILD,1.0,13.99,13.99,1.0,13.99
SALMO,GAIRDNERI,PARENT-CHILD,53.0,10.18,10.18,53.0,10.18
SALMO,LINNAEUS,PARENT-CHILD,17.0,8.47,8.47,17.0,8.47
SALMO,MARMORATUS,PARENT-CHILD,40.0,9.78,9.78,40.0,9.78
SALMO,MYKISS,CHILD-PARENT,2.0,5.29,5.29,2.0,5.29
SALMO,ONCORHYNCHUS,PARENT-CHILD,5.0,6.82,6.82,5.0,6.82
SALMO,SALAR,PARENT-CHILD,615.0,13.25,13.25,615.0,13.25
SALMO,TRUTTA,PARENT-CHILD,695.0,13.36,13.36,695.0,13.36
SALMONIDAE,ARTEDI,PARENT-CHILD,1.0,10.24,10.24,1.0,10.24
SALMONIDAE,CENTRARCHIDAE,PARENT-CHILD,1.0,10.75,10.75,1.0,10.75
SALMONIDAE,HOYI,PARENT-CHILD,1.0,10.35,10.35,1.0,10.35
SALMONIDAE,SALMONIDAE,PARENT-CHILD,3.0,11.72,11.72,3.0,11.72
SALMONIDAE,SALVELINUS,PARENT-CHILD,1.0,10.82,10.82,1.0,10.82
SALMONIDAE,SILURIDAE,PARENT-CHILD,1.0,10.82,10.82,1.0,10.82
SALMONIDAE,THYMALLUS,PARENT-CHILD,4.0,12.75,12.75,4.0,12.75
SALMONIDAE,UMBRIDAE,PARENT-CHILD,3.0,12.33,12.33,3.0,12.33
SALVELINUS,ALPINUS,PARENT-CHILD,485.0,13.51,13.51,485.0,13.51
SALVELINUS,CARPIODES,CHILD-PARENT,1.0,13.0,13.0,1.0,13.0
SALVELINUS,CONFLUENTUS,PARENT-CHILD,96.0,11.67,11.67,96.0,11.67
SALVELINUS,CYPRINUS,CHILD-PARENT,1.0,13.0,13.0,1.0,13.0
SALVELINUS,FONTINALIS,PARENT-CHILD,163.0,12.33,12.33,163.0,12.33
SALVELINUS,LEUCOMAENIS,PARENT-CHILD,4.0,7.23,7.23,4.0,7.23
SALVELINUS,LINNEAUS,PARENT-CHILD,2.0,6.22,6.22,2.0,6.22
SALVELINUS,MALMA,PARENT-CHILD,39.0,10.46,10.46,39.0,10.46
SALVELINUS,NAMAYCUSH,PARENT-CHILD,69.0,11.23,11.23,69.0,11.23
SALVELINUS,UMBLA,PARENT-CHILD,2.0,6.23,6.23,2.0,6.23
SALVELINUS,WILLUGHBII,PARENT-CHILD,4.0,7.23,7.23,4.0,7.23
SANDER,CANADENSE,PARENT-CHILD,1.0,8.87,8.87,1.0,8.87
SANDER,CANADENSIS,PARENT-CHILD,4.0,10.6,10.6,4.0,10.6
SANDER,LUCIOPERCA,PARENT-CHILD,24.0,12.44,12.44,24.0,12.44
SANDER,VITREUM,PARENT-CHILD,2.0,9.56,9.56,2.0,9.56
SANDER,VITREUS,PARENT-CHILD,36.0,13.48,13.48,36.0,13.48
SCARDINIUS,ERYTHROPH,PARENT-CHILD,2.0,10.82,10.82,2.0,10.82
SCARDINIUS,ERYTHROPHTALMUS,PARENT-CHILD,3.0,11.37,11.37,3.0,11.37
SCARDINIUS,ERYTHROPHTHALMUS,PARENT-CHILD,29.0,13.72,13.72,29.0,13.72
SCARDINUS,ERYTHROPHTHALMUS,PARENT-CHILD,3.0,11.3,11.3,3.0,11.3
SCELOPORUS,UNDULATUS,PARENT-CHILD,1.0,13.99,13.99,1.0,13.99
SCHISTOCEPHALUS,PUNGITIUS,CHILD-PARENT,2.0,9.93,9.93,2.0,9.93
SCIAENIDAE,GRUNNIENS,PARENT-CHILD,1.0,11.83,11.83,1.0,11.83
SCIAENOPS,OCELLATUS,PARENT-CHILD,2.0,13.41,13.41,2.0,13.41
SCOPHTHALMUS,MAXIMUS,PARENT-CHILD,4.0,13.99,13.99,4.0,13.99
SDMO,GAIRDNERI,PARENT-CHILD,2.0,10.16,10.16,2.0,10.16
SEBASTES,FLAVIDUS,PARENT-CHILD,1.0,13.99,13.99,1.0,13.99
SEMILUNARIS,MELANOSTOMUS,PARENT-CHILD,1.0,8.85,8.85,1.0,8.85
SEMOTILUS,ATROMACULATUS,PARENT-CHILD,21.0,13.96,13.96,21.0,13.96
SERICEUS,CEPHALUS,CHILD-PARENT,1.0,9.0,9.0,1.0,9.0
SERICEUS,CYPRINIDAE,CHILD-PARENT,2.0,11.91,11.91,2.0,11.91
SERRANUS,SCRIBA,PARENT-CHILD,2.0,13.99,13.99,2.0,13.99
SERRASALMUS,ALTISPINIS,PARENT-CHILD,1.0,13.41,13.41,1.0,13.41
SERRASALMUS,SPILOPLEURA,PARENT-CHILD,1.0,13.0,13.0,1.0,13.0
SFIZOSTEDION,LUCIOPERCA,CHILD-PARENT,1.0,8.76,8.76,1.0,8.76
SHUMARDI,AFFINIS,PARENT-CHILD,1.0,9.48,9.48,1.0,9.48
SICYDIINAE,2011A,PARENT-CHILD,1.0,11.83,11.83,1.0,11.83
SICYDIINAE,2011B,PARENT-CHILD,1.0,11.83,11.83,1.0,11.83
SICYDIINAE,ET,PARENT-CHILD,1.0,11.83,11.83,1.0,11.83
SICYDIINAE,GENUS,PARENT-CHILD,1.0,11.67,11.67,1.0,11.67
SICYDIINAE,KEITH,PARENT-CHILD,2.0,12.41,12.41,2.0,12.41
SICYDIINAE,LAGOCEPHALUS,PARENT-CHILD,1.0,9.12,9.12,1.0,9.12
SICYDIINAE,LORD,PARENT-CHILD,1.0,11.83,11.83,1.0,11.83
SICYDIINAE,SICYOPTERUS,PARENT-CHILD,1.0,13.41,13.41,1.0,13.41
SICYDIINAE,SPECIE,PARENT-CHILD,1.0,11.41,11.41,1.0,11.41
SICYDIUM,ANTILLARUM,PARENT-CHILD,4.0,12.19,12.19,4.0,12.19
SICYDIUM,PERUGIA,PARENT-CHILD,3.0,11.67,11.67,3.0,11.67
SICYDIUM,PLUMIERI,PARENT-CHILD,1.0,10.3,10.3,1.0,10.3
SICYDIUM,PUNCTATUM,PARENT-CHILD,16.0,13.67,13.67,16.0,13.67
SICYOPTERUS,AIENSIS,PARENT-CHILD,3.0,10.09,10.09,3.0,10.09
SICYOPTERUS,EXTRANEUS,PARENT-CHILD,1.0,8.54,8.54,1.0,8.54
SICYOPTERUS,JAPONICUS,PARENT-CHILD,20.0,12.57,12.57,20.0,12.57
SICYOPTERUS,LAGOCEPHALUS,PARENT-CHILD,57.0,13.65,13.65,57.0,13.65
SICYOPTERUS,SARASINI,PARENT-CHILD,2.0,9.52,9.52,2.0,9.52
SICYOPTERUS,STIMPSONI,PARENT-CHILD,4.0,10.49,10.49,4.0,10.49
SILURIFORMES,AGENEIOSUS,PARENT-CHILD,1.0,12.68,12.68,1.0,12.68
SILURIFORMES,HEMISORUBIM,PARENT-CHILD,1.0,12.68,12.68,1.0,12.68
SILURIFORMES,LORICARIIDAE,PARENT-CHILD,2.0,13.41,13.41,2.0,13.41
SILURIFORMES,MAGOI,PARENT-CHILD,1.0,12.68,12.68,1.0,12.68
SILURIFORMES,PIMELODIDAE,PARENT-CHILD,1.0,12.68,12.68,1.0,12.68
SILURIFORMES,PLATYRHYNCHOS,PARENT-CHILD,1.0,12.68,12.68,1.0,12.68
SILURUS,ASOTUS,PARENT-CHILD,8.0,13.09,13.09,8.0,13.09
SILURUS,GLANIS,PARENT-CHILD,11.0,13.33,13.33,11.0,13.33
SILURUS,LINNAEUS,PARENT-CHILD,1.0,7.81,7.81,1.0,7.81
SILURUS,LITHOPHILUS,PARENT-CHILD,1.0,10.47,10.47,1.0,10.47
SILURUS,MERIDIONALIS,PARENT-CHILD,1.0,10.47,10.47,1.0,10.47
SIMULIIDAE,DIPTERA,PARENT-CHILD,1.0,11.54,11.54,1.0,11.54
SIMULIIDAE,EPHEMEROPTERA,PARENT-CHILD,1.0,11.83,11.83,1.0,11.83
SOLEA,SOLEA,PARENT-CHILD,6.0,13.99,13.99,6.0,13.99
SOREX,HOYI,CHILD-PARENT,1.0,11.41,11.41,1.0,11.41
SOREX,RUTILUS,CHILD-PARENT,1.0,12.19,12.19,1.0,12.19
SOREX,SYLVATICA,CHILD-PARENT,1.0,13.0,13.0,1.0,13.0
SOUFFIA,THYMALLUS,PARENT-CHILD,1.0,8.82,8.82,1.0,8.82
SPARGANIUM,ERECTUM,PARENT-CHILD,1.0,13.99,13.99,1.0,13.99
SPARIDAE,MUGILIDAE,PARENT-CHILD,1.0,13.99,13.99,1.0,13.99
SPARUS,AURATA,CHILD-PARENT,4.0,13.99,13.99,4.0,13.99
SPECTABILE,FLABELLARE,PARENT-CHILD,1.0,10.68,10.68,1.0,10.68
SPECTABILE,GRUNNIENS,PARENT-CHILD,1.0,11.67,11.67,1.0,11.67
SPILOPTERA,HYBOPSIS,PARENT-CHILD,1.0,13.0,13.0,1.0,13.0
SQUALIUS,ALBURNOIDES,PARENT-CHILD,1.0,10.19,10.19,1.0,10.19
SQUALIUS,ARADENSIS,PARENT-CHILD,4.0,12.04,12.04,4.0,12.04
SQUALIUS,BARBUS,PARENT-CHILD,1.0,10.19,10.19,1.0,10.19
SQUALIUS,CAROLITERTII,PARENT-CHILD,4.0,12.04,12.04,4.0,12.04
SQUALIUS,CEPHALUS,PARENT-CHILD,12.0,12.12,12.12,12.0,12.12
SQUALIUS,PELOPONNENSIS,PARENT-CHILD,1.0,10.19,10.19,1.0,10.19
SQUALIUS,PYRENAICUS,PARENT-CHILD,1.0,9.95,9.95,1.0,9.95
SQUALIUS,RUTILUS,PARENT-CHILD,1.0,7.1,7.1,1.0,7.1
SQUALIUS,TORGALENSIS,PARENT-CHILD,2.0,11.04,11.04,2.0,11.04
STENODUS,LEUCICHTHYS,PARENT-CHILD,1.0,13.99,13.99,1.0,13.99
STENOGOBIUS,GENIVITTATUS,PARENT-CHILD,1.0,13.99,13.99,1.0,13.99
STIPHODON,PERCNOPTERYGIONUS,PARENT-CHILD,4.0,13.99,13.99,4.0,13.99
STIZOSTEDION,CANADENSE,PARENT-CHILD,2.0,9.95,9.95,2.0,9.95
STIZOSTEDION,LUCIOPERCA,PARENT-CHILD,44.0,13.36,13.36,44.0,13.36
STIZOSTEDION,VITREUM,PARENT-CHILD,16.0,12.62,12.62,16.0,12.62
STIZOSTEDION,VOLGENSIS,PARENT-CHILD,1.0,9.0,9.0,1.0,9.0
STIZOSTEDIUM,LUCIOPERCA,PARENT-CHILD,2.0,9.75,9.75,2.0,9.75
STIZOSTEDON,VITREUM,CHILD-PARENT,1.0,10.6,10.6,1.0,10.6
STIZOTEDION,VITREUM,CHILD-PARENT,1.0,10.6,10.6,1.0,10.6
STREAM,ANOMALUM,CHILD-PARENT,3.0,12.68,12.68,3.0,12.68
STREAM,CAMPOSTOMA,CHILD-PARENT,3.0,12.68,12.68,3.0,12.68
STUDY,CHONDROSTOMA,CHILD-PARENT,1.0,11.19,11.19,1.0,11.19
SULMO,GUIRDNERI,PARENT-CHILD,9.0,13.53,13.53,9.0,13.53
SULMO,TRUTTA,PARENT-CHILD,7.0,8.3,8.3,7.0,8.3
SULVELINUS,ALPINUS,PARENT-CHILD,1.0,6.06,6.06,1.0,6.06
SUOMEN,MERIALUEILLA,PARENT-CHILD,1.0,13.99,13.99,1.0,13.99
SYNCOMISTES,BUTLERI,PARENT-CHILD,1.0,13.99,13.99,1.0,13.99
TAENIA,GLANIS,PARENT-CHILD,1.0,11.19,11.19,1.0,11.19
TALLAPOOSA,CAROLINAE,CHILD-PARENT,1.0,11.67,11.67,1.0,11.67
TELEOSTEI,ANGUILLIDAE,PARENT-CHILD,1.0,11.09,11.09,1.0,11.09
TELEOSTEI,CHARACIDAE,PARENT-CHILD,1.0,10.82,10.82,1.0,10.82
TELEOSTEI,CHRENUCHIDAE,PARENT-CHILD,1.0,11.09,11.09,1.0,11.09
TELEOSTEI,CICHLIDAE,PARENT-CHILD,1.0,10.91,10.91,1.0,10.91
TELEOSTEI,COBITIDAE,PARENT-CHILD,1.0,11.09,11.09,1.0,11.09
TELEOSTEI,COTTIDAE,PARENT-CHILD,1.0,11.09,11.09,1.0,11.09
TELEOSTEI,CYPRINIDAE,PARENT-CHILD,5.0,12.51,12.51,5.0,12.51
TELEOSTEI,GOBIIDAE,PARENT-CHILD,1.0,10.82,10.82,1.0,10.82
TELEOSTEI,OSTEOGLOSSIDAE,PARENT-CHILD,2.0,11.83,11.83,2.0,11.83
TELEOSTEI,SANDER,PARENT-CHILD,1.0,12.41,12.41,1.0,12.41
TELEOSTEI,VITREUS,PARENT-CHILD,1.0,12.41,12.41,1.0,12.41
TELESTES,SOUFFIA,PARENT-CHILD,1.0,13.41,13.41,1.0,13.41
TELESTES,THYMALLUS,PARENT-CHILD,1.0,8.81,8.81,1.0,8.81
TETRIX,LEPIDOPTERA,CHILD-PARENT,1.0,12.41,12.41,1.0,12.41
TEXANUS,CATOSTOMIDAE,PARENT-CHILD,1.0,13.0,13.0,1.0,13.0
TEXANUS,VIGILAX,PARENT-CHILD,1.0,11.54,11.54,1.0,11.54
THALASSOMA,BIFASCIATUM,PARENT-CHILD,3.0,13.99,13.99,3.0,13.99
THAMALLUS,THYMALLUS,CHILD-PARENT,1.0,8.82,8.82,1.0,8.82
THYMALLUS,ARCTICUS,PARENT-CHILD,34.0,12.96,12.96,34.0,12.96
THYMALLUS,LINNAEUS,PARENT-CHILD,2.0,7.575,7.575,2.0,7.575
THYMALLUS,SALMONIDAE,PARENT-CHILD,2.0,11.75,11.75,2.0,11.75
THYMALLUS,THYMALLUS,PARENT-CHILD,67.0,13.61,13.61,67.0,13.61
THYMALLUS,TINCA,PARENT-CHILD,4.0,9.85,9.85,4.0,9.85
THYMALUS,ARCTICUS,CHILD-PARENT,1.0,9.83,9.83,1.0,9.83
THYSANOPTERA,COLEOPTERA,PARENT-CHILD,1.0,13.0,13.0,1.0,13.0
TILAPIA,GUINEENSIS,PARENT-CHILD,5.0,13.07,13.07,5.0,13.07
TILAPIA,MARIAE,PARENT-CHILD,1.0,11.09,11.09,1.0,11.09
TILAPIA,MOSSAMBICA,PARENT-CHILD,1.0,11.09,11.09,1.0,11.09
TILAPIA,NILOTICA,PARENT-CHILD,3.0,12.49,12.49,3.0,12.49
TILAPIA,RENDALLI,PARENT-CHILD,2.0,11.91,11.91,2.0,11.91
TILAPIA,THOLLONI,PARENT-CHILD,2.0,11.83,11.83,2.0,11.83
TINCA,DELINEATUS,PARENT-CHILD,1.0,11.54,11.54,1.0,11.54
TINCA,ERYTHROPHTHALMUS,PARENT-CHILD,1.0,9.67,9.67,1.0,9.67
TINCA,LUCIUS,PARENT-CHILD,1.0,7.47,7.47,1.0,7.47
TINCA,PHOXINUS,PARENT-CHILD,1.0,9.16,9.16,1.0,9.16
TINCA,TINCA,PARENT-CHILD,27.0,13.87,13.87,27.0,13.87
TRICHOPTERA,CHIRONOMIDAE,PARENT-CHILD,1.0,11.0,11.0,1.0,11.0
TRICHOPTERA,DIPTERA,PARENT-CHILD,2.0,11.61,11.61,2.0,11.61
TRICHOPTERA,EPHEMEROPTERA,PARENT-CHILD,1.0,10.75,10.75,1.0,10.75
TRICHOPTERA,LEPIDOPTERA,PARENT-CHILD,1.0,10.91,10.91,1.0,10.91
TRICHOPTERA,MEGALOPTERA,PARENT-CHILD,1.0,11.19,11.19,1.0,11.19
TRICHOPTERA,MOLLUSCA,PARENT-CHILD,1.0,11.19,11.19,1.0,11.19
TRICHOPTERA,ODONATA,PARENT-CHILD,2.0,11.67,11.67,2.0,11.67
TRICHOPTERA,TRICHOPTERA,PARENT-CHILD,3.0,11.63,11.63,3.0,11.63
TRIDENTIGER,BREVISPINIS,PARENT-CHILD,4.0,13.99,13.99,4.0,13.99
TRUTTA,HAASI,CHILD-PARENT,1.0,10.41,10.41,1.0,10.41
TRUTTA,LINNAEUS,PARENT-CHILD,14.0,11.67,11.67,14.0,11.67
TRUTTA,MYKISS,CHILD-PARENT,1.0,7.05,7.05,1.0,7.05
TRUTTA,THYMALLUS,CHILD-PARENT,1.0,8.54,8.54,1.0,8.54
TYPHA,LATIFOLIA,PARENT-CHILD,1.0,13.41,13.41,1.0,13.41
UMBRA,KRAMERI,PARENT-CHILD,2.0,12.68,12.68,2.0,12.68
UMBRA,LIMI,PARENT-CHILD,6.0,13.77,13.77,6.0,13.77
UTRICULARIA,VULGARIS,CHILD-PARENT,1.0,12.68,12.68,1.0,12.68
VALLISNERIA,AMERICUNA,PARENT-CHILD,3.0,13.99,13.99,3.0,13.99
VENUSTA,CYPRINIFORMES,PARENT-CHILD,1.0,13.99,13.99,1.0,13.99
VICTORIA,BAY,PARENT-CHILD,1.0,12.41,12.41,1.0,12.41
VICTORIA,ISLAND,PARENT-CHILD,1.0,13.0,13.0,1.0,13.0
VICTORIA,NYEREREI,PARENT-CHILD,1.0,11.41,11.41,1.0,11.41
VIMBA,VIMBA,PARENT-CHILD,5.0,13.99,13.99,5.0,13.99
VISON,ESOX,PARENT-CHILD,1.0,11.99,11.99,1.0,11.99
VISON,LUCIUS,PARENT-CHILD,1.0,11.99,11.99,1.0,11.99
VITREUM,HIODON,PARENT-CHILD,1.0,11.99,11.99,1.0,11.99
VITREUS,CANADENSIS,PARENT-CHILD,1.0,10.82,10.82,1.0,10.82
VOLUCELLUS,PERCINA,PARENT-CHILD,1.0,11.99,11.99,1.0,11.99
WATER,SULVELINUS,CHILD-PARENT,1.0,11.67,11.67,1.0,11.67
WHIPPLEI,HYBOPSIS,PARENT-CHILD,1.0,13.0,13.0,1.0,13.0
XYRAUCHEN,TEXANUS,PARENT-CHILD,9.0,13.71,13.71,9.0,13.71
ZANNICHELLIA,CALLITRICHE,CHILD-PARENT,1.0,13.99,13.99,1.0,13.99
ZAPUS,HUDSONIUS,CHILD-PARENT,1.0,11.83,11.83,1.0,11.83
