parent,child,hits,score,score
,,sum,mean,median
ABRAMIS_BJOERKNA,SCARDINIUS_ERYTHROPHTHALMUS,1.0,13.0,13.0
ABRAMIS_BRAMA,ALBURNUS_ALBURNUS,2.0,12.29,12.29
ABRAMIS_BRAMA,BARBUS_BARBUS,1.0,11.67,11.67
ABRAMIS_BRAMA,BLICCA_BJOERKNA,1.0,11.54,11.54
ABRAMIS_BRAMA,GOBIO_SPP,2.0,12.29,12.29
ABRAMIS_BRAMA,RUTILUS_RUTILUS,1.0,8.81,8.81
ABRAMIS_BRAMA,SALMO_SALAR,1.0,7.83,7.83
ACARI,TETRANYCHIDAE,1.0,13.99,13.99
ACARINA,CLADOCERA,1.0,12.19,12.19
ACERINA_CERNUA,STIZOSTEDION_LUCIOPERCA,1.0,13.41,13.41
ACID,COREGONUS_ALBULA,1.0,12.41,12.41
ACTINOPTERYGII,CYPRINODONTIFORMES,1.0,13.41,13.41
ACTINOPTERYGII,OSTEOGLOSSIDAE,1.0,12.41,12.41
AESHNA,GASTEROSTEUS_ACULEATUS,1.0,13.99,13.99
AESHNIDAE,ERPOBDELLIDAE_SPP,1.0,13.0,13.0
AETHIOMASTACEMBELUS_FRENATUS,ASTATOREOCHROMIS_ALLUAUDI,1.0,13.41,13.41
AGRARIA,MOLINA,1.0,13.99,13.99
ALBURNOIDES_BIPUNCTATUS,BARBUS_BARBUS,1.0,13.41,13.41
ALBURNUS_ALBURNUS,GOBIO_SPP,2.0,12.68,12.68
ALBURNUS_ALBURNUS,LEUCISCUS_CEPHALUS,2.0,13.0,13.0
ALBURNUS_ALBURNUS,ROACH,1.0,9.67,9.67
ALCEDO_ATTHIS,ARDEA_CINERIA,1.0,13.99,13.99
ALOSA,ALOSA,1.0,13.0,13.0
ALOSA,SAPIDISSIMA,1.0,13.0,13.0
ALOSA,SPECIE,1.0,4.43,4.43
AMBLOPLITES_RUPESTRIS,CATOSTOMUS_COMMERSONII,1.0,13.0,13.0
AMBLOPLITES_RUPESTRIS,CENTRARCHIDAE,2.0,13.19,13.19
AMBLYCIPITIDAE,BAGRIDAE,1.0,13.41,13.41
AMEIURUS,CARASSIUS_AURATUS,1.0,12.68,12.68
AMEIURUS_CATUS,ICTALURUS_PUNCTATUS,1.0,12.68,12.68
AMEIURUS_MELAS,CARASSIUS_AURATUS,1.0,12.41,12.41
AMEIURUS_MELAS,LEPOMIS_MACROCHIRUS,1.0,11.0,11.0
AMEIURUS_NATALIS,AMEIURUS_SPP,1.0,11.99,11.99
AMEIURUS_NATALIS,ICTALURUS_SPP,1.0,12.41,12.41
AMEIURUS_NATALIS,NOTURUS,1.0,12.41,12.41
AMEIURUS_NEBULOSUS,AMEIURUS_SPP,1.0,12.41,12.41
AMNIATABA_PERCOIDES,MELANOTAENIA_AUSTRALIS,1.0,13.99,13.99
AMPHIDROMOUS,FISH,1.0,6.71,6.71
AMPHIDROMOUS,SPECIE,3.0,6.01,6.01
AMPHIPODA,EPHEMEROPTERA,1.0,11.19,11.19
AMPHIPODA,GASTROPODA,1.0,11.83,11.83
AMPHIPODA,HEMIPTERA,2.0,11.75,11.75
AMPHIPODA,TRICHOPTERA,2.0,11.3,11.3
AMPHIPOGON_HYPERBOREUS,HEMIPTERA,1.0,11.19,11.19
ANABANTIDAE,ANABANTOIDEI,1.0,13.99,13.99
ANGUILLA_ANGUILLA,ANGUILLA_ROSTRATA,1.0,10.35,10.35
ANGUILLA_ANGUILLA,CICHLASOMA_FACETUM,1.0,11.0,11.0
ANGUILLA_ANGUILLA,COBITIS_PALUDICA,1.0,11.19,11.19
ANGUILLA_ANGUILLA,EEL,3.0,10.88,10.88
ANGUILLA_ANGUILLA,ESOX_LUCIUS,1.0,10.82,10.82
ANGUILLA_ANGUILLA,LARVA,1.0,6.27,6.27
ANGUILLA_ANGUILLA,LIZA_RAMADA,3.0,12.68,12.68
ANGUILLA_ANGUILLA,PLATYCHTYS_FLESUS,1.0,11.3,11.3
ANGUILLA_AUSTRALIS,NANNOPERCA_AUSTRALIS,1.0,13.41,13.41
ANGUILLIDAE,CENTRARCHIDAE,1.0,12.41,12.41
ANGUILLIDAE,CICHLASOMA_FACETUM,1.0,12.41,12.41
ANGUILLIFORMES,MURAENIDAE,1.0,13.99,13.99
ANNALES,FENNICA,1.0,13.99,13.99
ANODONTA_CYGNEA,UNIO_PICTORUM,1.0,13.99,13.99
APLOCHEILICHTHYS_PUMILUS,ASTATOREOCHROMIS_ALLUAUDI,1.0,13.41,13.41
AQUACULTURA,HUNGARICA,1.0,13.99,13.99
ARACHNIDA,ARTHROPODA,1.0,13.41,13.41
ARACHNIDA,HEMIPTERA,1.0,11.09,11.09
ARACHNIDAE,COLLEMBOLA,1.0,13.0,13.0
ARAPAIMA_GIGAS,TELEOSTEI,2.0,13.0,13.0
ARDEA_CINERA,ESOX_LUCIUS,1.0,11.41,11.41
ARDEA_CINERA,TROUT,1.0,8.08,8.08
ASTYANAX,CICHLA,1.0,13.41,13.41
ASTYANAX_BIMACULATUS,MOENKHAUSIA_INTERMEDIA,1.0,13.41,13.41
ASTYANAX_SCHUBARTI,MOENKHAUSIA_INTERMEDIA,1.0,13.41,13.41
ATHERINIDAE,ATHERINOPSIDAE,1.0,13.41,13.41
ATHERINIDAE,SPECIE,1.0,4.43,4.43
ATHERINOPSIDAE,BLENNIIDAE,1.0,13.99,13.99
ATYAEPHYRA,HEMIMYSIS,1.0,13.99,13.99
AUSTRALOHEROS_FACETUM,LEPOMIS_GIBBOSUS,1.0,12.19,12.19
AUSTRALOHEROS_FACETUS,CYPRINUS,1.0,13.99,13.99
AZOLLA_AFRICANA,NYMPHAEA_LOTUS,1.0,13.99,13.99
BAETIDAE,HEPTAGENIIDAE,1.0,13.41,13.41
BAETIDAE,SIPHLONURIDAE,1.0,13.41,13.41
BAETIS,NYMPH,2.0,11.67,11.67
BAGRUS_DOCMAK,SCHILBE_INTERMEDIUS,1.0,13.99,13.99
BARBATULA_BARBATULA,LINNAEUS,1.0,8.69,8.69
BARBATULA_BARBATULA,SILURUS_GLANIS,1.0,12.41,12.41
BARBUS,SPECIES,1.0,10.68,10.68
BARBUS,TROPIDOPHOXINELLUS_ALBURNOIDES,1.0,13.41,13.41
BARBUS_BARBUS,ALBURNUS_ALBURNUS,1.0,12.41,12.41
BARBUS_PETENYI,LOTA_LOTA,1.0,13.99,13.99
BARBUS_SCLATERI,IBEROCHONDROSTOMA_ALMACAI,1.0,13.99,13.99
BATRACHIUM,MYRIOPHYLLUM,1.0,13.99,13.99
BIVALVIA,CLADOCERA,1.0,12.19,12.19
BLEPHAROCERIDAE,DIXIDAE,1.0,13.99,13.99
BLUEGILL,LEPOMIS_CYANELLUS,1.0,10.6,10.6
BLUEGILL,LEPOMIS_MACROCHIRUS,11.0,13.6,13.6
BLUEGILL,VALLISNERIA,1.0,11.0,11.0
BOSMINIDAE,LARVA,2.0,7.31,7.31
BRACHIONUS,HEXARTHRA,1.0,13.99,13.99
BRACHYCENTRIDAE,PHRYGANEIDAE,1.0,13.0,13.0
BRACHYMYSTAX,HUCHO,1.0,13.99,13.99
BRYCONAMERICUS_STRAMINEUS,CICHLA_SPP,1.0,13.41,13.41
BULLHEAD,AMEIURUS_MELAS,3.0,11.19,11.19
BULLHEAD,AMEIURUS_NEBULOSUS,1.0,9.67,9.67
BULLHEAD,AMEIURUS_SPP,1.0,9.53,9.53
BULLHEAD,AMIEURUS_NATALIS,1.0,9.67,9.67
BULLHEAD,COTTUS,2.0,10.64,10.64
BULLHEAD,COTTUS_GOBIO,15.0,13.09,13.09
BULLHEAD,PIMEPHALES_VIGILAX,3.0,11.03,11.03
CAECIDOTEA,LIRCEUS,1.0,13.99,13.99
CAENIDAE,BAETIDAE,2.0,13.67,13.67
CAENIDAE,DAPHNIDAE,1.0,13.0,13.0
CAIOLA,CALLES,1.0,13.99,13.99
CALANOIDA,BOSMINA_SPP,1.0,12.68,12.68
CALANOIDA,CLADOCERA,1.0,11.99,11.99
CALLES,CAMPANA,2.0,13.99,13.99
CALLICHTHYIDAE,LORICARIIDAE,1.0,12.68,12.68
CALLITRICHE,BATRACHIUM,1.0,13.99,13.99
CAMBARIDAE,MACROBRANCHIUM,1.0,13.41,13.41
CAMPOSTOMA_ANOMALUM,NOTURUS,1.0,12.68,12.68
CAMPOSTOMA_ANOMALUM,SEMOTILUS_ATROMACULATUS,1.0,13.41,13.41
CARASSIUS,CYPRINIDAE,1.0,11.3,11.3
CARASSIUS_GIBELIO,LEPOMIS_GIBBOSUS,1.0,12.19,12.19
CAREX_RIPARIA,JUNCUS_EFFUSUS,1.0,13.99,13.99
CARP,CYPRINUS_CARPIO,1.0,13.41,13.41
CARPIODES_CARPIO,ICTALURUS_PUNCTATUS,1.0,12.68,12.68
CARPOIDES_CARPIO,LEPISOSTEUS_SPP,1.0,13.0,13.0
CATARINA,CORREIA,1.0,13.99,13.99
CATONOTUS,ETHEOSTOMA_FLABELLARE,1.0,13.41,13.41
CATONOTUS,SPECIES,1.0,11.41,11.41
CATOSTOMIDAE,CARPIODES_SPP,1.0,13.0,13.0
CATOSTOMIDAE,MORONIDAE,1.0,13.0,13.0
CATOSTOMIDAE,TELEOSTEI,1.0,11.83,11.83
CATOSTOMUS,CHASMISTES,1.0,13.99,13.99
CATOSTOMUS_COMMERSONII,CULAEA_INCONSTANS,1.0,13.99,13.99
CENTRARCHIDAE,LEPOMISGIBBOSUS,1.0,12.19,12.19
CENTRARCHIDAE,LEPOMIS_GIBBOSUS,2.0,12.41,12.41
CENTRARCHIDAE,LEPOMIS_SPP,3.0,12.58,12.58
CERAMBYCIDAE,DISTENIIDAE,1.0,13.99,13.99
CERATOPHYLLUM,FONTINALIS,1.0,13.99,13.99
CERATOPHYLLURN_DEMERSUM,MYRIOPHYLLUM_SPICATUM,1.0,13.99,13.99
CERATOPOGONIDAE,LARVA,1.0,6.3,6.3
CERATOPOGONIDAE,TABANIDAE,1.0,13.41,13.41
CERIODAPHNIA,ROTIFERA,1.0,13.0,13.0
CHANNIDAE,CHANNA_ARGUS,1.0,13.99,13.99
CHAOBORUS,LARVA,1.0,6.31,6.31
CHARACIDAE,CICHLIDAE,1.0,11.83,11.83
CHARACIDAE,OSTARIOPHYSI,1.0,12.19,12.19
CHARACIDAE,TETRAGONOPTERIDAE,1.0,12.19,12.19
CHARACIDAE,TETRAGONOPTERINAE,3.0,13.41,13.41
CHARACIDIUM,TRICHOMYCTERUS,1.0,13.99,13.99
CHARACIFORMES,ASTYANAX_SPP,1.0,13.41,13.41
CHARACIFORMES,CHARACIDAE,1.0,12.41,12.41
CHIRONOMID,DIET,2.0,12.335,12.335
CHIRONOMID,DIPOREIA,1.0,12.68,12.68
CHIRONOMID,FISH,1.0,8.4,8.4
CHIRONOMID,IMPORTANCE,1.0,13.0,13.0
CHIRONOMID,INSECT,1.0,13.0,13.0
CHIRONOMID,LARVA,6.0,8.87,8.87
CHIRONOMID,TRICHOPTERA,1.0,8.98,8.98
CHIRONOMIDAE,DIPTERA,1.0,9.87,9.87
CHIRONOMIDAE,LARVA,18.0,10.4,10.4
CHIRONOMIDAE,MOLLUSCA,1.0,10.24,10.24
CHIRONOMIDAE,ODONATA,2.0,11.0,11.0
CHIRONOMIDAE,SIMULIIDAE,1.0,10.19,10.19
CHIRONOMIDAE,TRICHOPTERA,1.0,9.53,9.53
CHLOROPHYTA,SCENEDESMUS,1.0,13.99,13.99
CHONDROSTOMA_DURIENSE,SALMO_TRUTTA,1.0,7.33,7.33
CHONDROSTOMA_OLIGOLEPIS,SALMO_TRUTTA,1.0,7.33,7.33
CHYDORIDAE,ROTIFERA,1.0,13.0,13.0
CICADELLIDAE,ONISCIDEA,1.0,13.41,13.41
CICHLA,SPECIE,4.0,6.43,6.43
CICHLASOMA_UROPHTHALMUS,HEMICHROMIS_LETOURNEUXI,1.0,13.99,13.99
CICHLA_PIQUITI,OREOCHROMIS_NILOTICUS,1.0,13.99,13.99
CICHLIDAE,CICHLASOMA_FACETUM,1.0,11.99,11.99
CICHLIDAE,LORICARIIDAE,1.0,11.99,11.99
CICHLIDAE,MONODACTYLIDAE,1.0,12.19,12.19
CICHLIDAE,SPECIE,1.0,4.43,4.43
CICONIA_CICONIA,MILVUS_NIGRANS,1.0,13.99,13.99
CLADOCERA,CHIRONOMIDAE,1.0,11.3,11.3
CLADOCERA,COPEPODA,5.0,12.68,12.68
CLADOCERA,DAPHNIA,1.0,13.99,13.99
CLADOCERA,GAMBUSIA_AFFINIS,1.0,11.19,11.19
CLADOCERA,LARVA,1.0,6.28,6.28
CLADOCERA,OSTRACODA,1.0,11.0,11.0
CLADONIA,VACCINIUM,1.0,13.99,13.99
CLARIAS_GARIEPINUS,HYPOSTOMUS_SPP,1.0,13.0,13.0
CLARIAS_PLATYCEPHALUS,CLARIAS_PACHYNEMA,1.0,13.99,13.99
CLUPEIDAE,ALOSA_PSUEDOHARENGUS,1.0,12.68,12.68
CLUPEIDAE,CYPRINIDAE,1.0,11.0,11.0
CLUPEIDAE,DOROSOMA_CEPEDIANUM,1.0,12.41,12.41
CLUPEIDAE,DOROSOMA_SPP,1.0,12.19,12.19
COBITIDAE,COBITIS_TAENIA,1.0,13.99,13.99
COBITIS_PALUDICA,SALMO_TRUTTA,1.0,7.33,7.33
COBITIS_SINENSIS,ODONTOBUTIS_OBSCURUS,1.0,13.99,13.99
COBITIS_TAENIA,SILURUS_GLANIS,1.0,12.68,12.68
COENAGRIONIDAE,ERPOBDELLIDAE_SPP,1.0,13.0,13.0
COLEOPTERA,ARACHNIDA,1.0,10.82,10.82
COLEOPTERA,CERAMBYCIDAE,1.0,10.82,10.82
COLEOPTERA,COLEOPTERA,1.0,10.68,10.68
COLEOPTERA,COPEPODA,4.0,11.95,11.95
COLEOPTERA,DIPTERA,2.0,11.19,11.19
COLEOPTERA,DYTISCIDAE,1.0,10.82,10.82
COLEOPTERA,HEMIPTERA,4.0,12.09,12.09
COLEOPTERA,HYMENOPTERA,1.0,10.54,10.54
COLEOPTERA,LARVA,1.0,6.25,6.25
COLEOPTERA,ODONATA,1.0,10.35,10.35
COLLEMBOLA,COPEPODA,4.0,12.6,12.6
COLLEMBOLA,HYMENOPTERA,1.0,11.67,11.67
COMPETITOR,SALVELINUS_ALPINUS,1.0,12.41,12.41
CONCHOSTRACA,DECAPODA,1.0,13.99,13.99
COPEPODA,ACARINA,1.0,12.41,12.41
COPEPODA,GAMBUSIA_AFFINIS,1.0,11.67,11.67
COPEPODA,LARVA,1.0,6.3,6.3
COPEPODA,OSTRACODA,2.0,12.41,12.41
COPEPODS,INVERTEBRATE,1.0,10.6,10.6
COREGONUS,IUVURETUS,1.0,12.41,12.41
COREGONUS,SPECIE,2.0,5.42,5.42
COREGONUS,ZAVARETUS,2.0,13.19,13.19
COREGONUS_LAVARETUS,LARVA,1.0,6.31,6.31
CORIXIDAE,TRICHOPTERA,1.0,10.6,10.6
COTTUS,FISH,2.0,7.69,7.69
COTTUS,LINNAEUS,1.0,8.55,8.55
COTTUS,SPECIE,4.0,6.42,6.42
COTTUS,SPECIES,3.0,8.93,8.93
COTTUS_COGNATUS,COUESIUS_PLUMBEUS,1.0,13.41,13.41
COTTUS_COGNATUS,SOREX_SPP,1.0,12.68,12.68
COTTUS_GOBIO,BARBATULA_BARBATULA,1.0,13.41,13.41
COTTUS_GOBIO,LINNAEUS,1.0,8.69,8.69
COTTUS_NOZAWAE,PARAHUCHO_PERRYI,1.0,13.99,13.99
COTTUS_TALHPOOSAE,COTTUS_CAROLINAE,1.0,13.0,13.0
CRATEROCEPHALUS,SPECIE,2.0,5.43,5.43
CRENICICHLA_TENDYBAGUASSU,GYMNOGEOPHAGUS,1.0,13.41,13.41
CRUSTACEA,CYMOTHOIDAE,1.0,13.99,13.99
CTENOGOBIUS,ACROSSOCHEILUS_FASCIATUS,1.0,13.99,13.99
CTENOPOMA_CTENOTIS,COPEIA,1.0,13.99,13.99
CURTONOTUM_HELVUM,HEMIPTERA,1.0,11.19,11.19
CYCLEPTUS_ELONGATUS,ICTIOBUS_SPP,1.0,13.99,13.99
CYCLOPOIDA,CALANOIDA,1.0,13.99,13.99
CYCLOPTERUS_LUMPUS,TROUT,1.0,8.16,8.16
CYPRINELLA,PIMEPHALES,2.0,13.19,13.19
CYPRINELLA_CALLITAENIA,NOTROPIS_HYPSILEPIS,1.0,13.99,13.99
CYPRINELLA_SPILOPTERA,LUXILUS_CHRYSOCEPHALUS,1.0,13.0,13.0
CYPRINELLA_WHIPPLEI,LUXILUS_CHRYSOCEPHALUS,1.0,13.0,13.0
CYPRINIDAE,ABRAMIS_BRAMA,1.0,11.3,11.3
CYPRINIDAE,FUNDULIDAE,1.0,11.83,11.83
CYPRINIDAE,PERCIDAE,1.0,11.19,11.19
CYPRINIDAE,POECILIIDAE,1.0,11.3,11.3
CYPRINIDAE,SALMONIDAE,1.0,10.54,10.54
CYPRINIDAE,SPECIE,1.0,4.42,4.42
CYPRINIDAE,TELEOSTEI,1.0,11.19,11.19
CYPRINIDAE,UMBRIDAE,1.0,11.19,11.19
CYPRINIFORMES,CATOSTOMIDAE,1.0,13.41,13.41
CYPRINIFORMES,CYPRINIDAE,1.0,11.19,11.19
CYPRINOIDEA,APODES,1.0,13.99,13.99
CYPRINUS_CARPIO,ACANTHORUTILUS_HANDLIRSCHI,1.0,12.41,12.41
CYPRINUS_CARPIO,GOBIO_GOBIO,1.0,11.99,11.99
CYPRINUS_CARPIO,LINNAEUS,3.0,10.22,10.22
DAPHNIA,DROSOPHILA,2.0,12.68,12.68
DAPHNIA,PREY,5.0,10.024999999999999,10.024999999999999
DAPHNIA,ROTIFERA,1.0,11.54,11.54
DECAPODA,COPEPODA,1.0,10.82,10.82
DECAPODA,HOMOPTERA,1.0,13.41,13.41
DIAPTOMUS,EURYTEMORA,1.0,13.99,13.99
DIET,MACQUARIA_AMBIGUA,1.0,11.99,11.99
DIPLOMYSTIDAE,TRICHOMYCTERIDAE,1.0,12.68,12.68
DIPOREIA,CHIRONOMID,1.0,11.83,11.83
DIPTERA,ARANEIDA,1.0,10.0,10.0
DIPTERA,CHIRONOMIDAE,1.0,9.95,9.95
DIPTERA,CLADOCERA,1.0,9.87,9.87
DIPTERA,COLLEMBOLA,1.0,10.0,10.0
DIPTERA,DIET,1.0,11.3,11.3
DIPTERA,EPHEMEROPTERA,1.0,9.79,9.79
DIPTERA,FIG.,1.0,11.83,11.83
DIPTERA,HYMENOPTERA,1.0,9.91,9.91
DIPTERA,LAKE,1.0,11.54,11.54
DIPTERA,LARVA,17.0,10.3,10.3
DIPTERA,LEPOMIS,1.0,12.41,12.41
DIPTERA,MASS,1.0,12.41,12.41
DIPTERA,MEGALOPTERA,1.0,10.04,10.04
DIPTERA,SIMULIIDAE,2.0,10.95,10.95
DIPTERA,THYSANOPTERA,1.0,10.09,10.09
DIPTERA,TRICHOPTERA,2.0,10.38,10.38
DIXIDAE,RHAGIONIDAE,1.0,13.99,13.99
DOROSOMA,PIMEPHALES,1.0,12.41,12.41
DOROSOMA_CEPEDIANUM,DOROSOMA_SPP,1.0,12.41,12.41
DOROSOMA_CEPEDIANUM,MENIDIA_BERYLLINA,1.0,13.0,13.0
DOROSOMA_CEPEDIANUM,POMOXIS_ANNULARIS,1.0,13.0,13.0
DOROSOMA_PETENENSE,DOROSOMA_SPP,1.0,13.0,13.0
DROSOPHILA,LIRCEUS_FONTINALIS,1.0,13.99,13.99
DYTISCIDAE,ERPOBDELLIDAE_SPP,1.0,12.68,12.68
DYTISCIDAE,LARVA,1.0,6.3,6.3
EALES,FRIARS,1.0,13.41,13.41
EALES,HERBINGER,1.0,13.41,13.41
ECDYONURIDAE,HYDROPSYCHIDAE,1.0,13.41,13.41
EEL,AMMODYTES_TOBIANUS,1.0,7.21,7.21
EEL,ANGUILA_ANGUILA,1.0,7.21,7.21
EEL,ANGUILLA_ANGUILLA,109.0,13.36,13.36
EEL,ANGUILLA_AUSTRALIS,7.0,9.98,9.98
EEL,ANGUILLA_AUSTRALIS_SCHMIDTII,1.0,7.21,7.21
EEL,ANGUILLA_DIEFFENBACHII,3.0,8.78,8.78
EEL,ANGUILLA_JAPONICA,25.0,11.69,11.69
EEL,ANGUILLA_ROSTRATA,12.0,10.72,10.72
EEL,ANGUILLU_JUPONICA,1.0,7.21,7.21
EEL,COBITIS_PALUDICA,1.0,7.2,7.2
EEL,SINIPERCA_CHUATSI,1.0,7.2,7.2
EGERIA,SAGITTARIA,1.0,13.99,13.99
EGG,MYSIS_SPP,1.0,13.0,13.0
EGG,OSTRACODA,1.0,10.09,10.09
ELODEA_CANADENSIS,POTAMOGETON_CHEESEMANII,1.0,13.99,13.99
EMPIDIDAE,CERATOPOGONIDAE,1.0,13.99,13.99
ENGRAULIS_MORDAX,LARVA,1.0,6.31,6.31
EPHEMERELLIDAE,ECDYONURIDAE,1.0,13.99,13.99
EPHEMEROPTERA,LARVA,1.0,6.22,6.22
EPHEMEROPTERA,LEPIDOPTERA,1.0,10.04,10.04
EPHEMEROPTERA,NYMPH,11.0,12.96,12.96
EPHEMEROPTERA,ODONATA,2.0,10.87,10.87
EPHEMEROPTERA,PLECOPTERA,7.0,12.56,12.56
EPHEMEROPTERA,SALMON,1.0,8.05,8.05
EPHEMEROPTERA,SIMULIIDAE,1.0,10.04,10.04
EPHEMEROPTERA,TRICHOPTERA,3.0,11.03,11.03
ESOCIDAE,ESOX_LUCIUS,1.0,11.83,11.83
ESOCIDAE,SALMONIDAE,2.0,11.91,11.91
ESOX,IUCIUS,1.0,10.24,10.24
ESOX,LINNAEUS,1.0,8.31,8.31
ESOX,LUCIUS,24.0,13.91,13.91
ESOX_LUCIUS,BLICCA_BJOERKNA,1.0,10.82,10.82
ESOX_LUCIUS,LINNAEUS,14.0,12.28,12.28
ETHEOSTOMA,PERCIDAE,1.0,12.19,12.19
ETHEOSTOMA_NIGRUM,APLODINOTUS_GRUNNIENS,1.0,12.68,12.68
ETHEOSTOMA_NIGRUM,LARVA,1.0,6.3,6.3
ETHEOSTOMA_OLMSTEDI,PERCA_FLAVESCENS,1.0,10.6,10.6
ETHEOSTOMA_SPECTABILE,APLODINOTUS_GRUNNIENS,1.0,12.41,12.41
ETHEOSTOMA_SPECTABILE,ETHEOSTOMA_FLABELLARE,1.0,13.0,13.0
ETHEOSTOMA_SPECTABILE,NOTURUS,1.0,12.41,12.41
EUBOTHRIUM_SALVELINI,PROTEOCEPHALUS_LONGICOLLIS,1.0,13.99,13.99
FISH,ABRAMIS_BRAMA,1.0,4.31,4.31
FISH,ACHOA_MITCHILLI,1.0,6.84,6.84
FISH,ACIPENSER_RUTHENUS,1.0,6.83,6.83
FISH,AEROMONAS_SALMONICIDA,1.0,6.84,6.84
FISH,AMEIURUS,1.0,6.83,6.83
FISH,ANGUILLA_ANGUILLA,4.0,8.81,8.81
FISH,APLODINOTUS_GRUNNIENS,1.0,6.84,6.84
FISH,ARAPAIMA_GIGAS,2.0,5.574999999999999,5.574999999999999
FISH,AWAOS_GUAMENSIS,1.0,6.83,6.83
FISH,BARBUS_BARBUS,2.0,8.76,8.76
FISH,BOTHRIOCEPHALUS_ACHEILOGNATHI,3.0,5.89,5.89
FISH,BRACHYRHAPHIS_RHABDOPHORA,1.0,4.31,4.31
FISH,BRYCONAMERICUS_STRAMINEUS,1.0,4.31,4.31
FISH,CAMPOSTOMA,1.0,6.84,6.84
FISH,CARANX_SEXFASCIATUS,1.0,6.84,6.84
FISH,CARDONA,1.0,6.83,6.83
FISH,CATOSTOMUS_COMMERSONII,1.0,6.84,6.84
FISH,CICHLASOMA_CENTRARCHUS,1.0,4.31,4.31
FISH,CICHLASOMA_NIGROFASCIATUM,1.0,4.31,4.31
FISH,CLETHRIONOMYS_RUTILUS,1.0,6.82,6.82
FISH,COLISA_LALIA,1.0,4.31,4.31
FISH,COREGONUS,2.0,7.83,7.83
FISH,COREGONUS_LAVARETUS,2.0,5.31,5.31
FISH,COREGONUS_NASUS,1.0,4.31,4.31
FISH,COREGONUS_SPP,2.0,5.31,5.31
FISH,COTTIDAE,1.0,6.83,6.83
FISH,COTTUS_CAROLINAE,1.0,4.31,4.31
FISH,COTTUS_GOBIO,2.0,5.3,5.3
FISH,COTTUS_HANGIONGENSIS,1.0,6.83,6.83
FISH,COTTUS_POLLUX,1.0,6.83,6.83
FISH,COTTUS_SPP,1.0,6.84,6.84
FISH,CRATEROCEPHALUS,3.0,5.89,5.89
FISH,CTENOPOMA_MURIEI,2.0,5.31,5.31
FISH,CYPRINIDAE,3.0,8.41,8.41
FISH,CYPRINUS,1.0,6.83,6.83
FISH,DEROGENES_VARICUS,1.0,6.84,6.84
FISH,DOROSOMA_CEPEDIANUM,1.0,10.68,10.68
FISH,ENTOSPHENUS,1.0,10.68,10.68
FISH,EPINEPHELUS_COIOIDES,1.0,4.31,4.31
FISH,ERO,2.0,12.19,12.19
FISH,ESOX_LUCIUS,5.0,8.875,8.875
FISH,ETHEOSTOMA_SIMOTERUM,2.0,12.19,12.19
FISH,FUNDULUS,1.0,4.31,4.31
FISH,FUNDULUS_NOTATUS,1.0,4.31,4.31
FISH,FUNDULUS_ZEBRINUS,1.0,4.31,4.31
FISH,GALAXIAS_AURATUS,1.0,4.31,4.31
FISH,GALAXIAS_BREVIPINNIS,1.0,4.31,4.31
FISH,GALAXIAS_MACULATUS,3.0,5.89,5.89
FISH,GAMBUSIA_AFFINIS,1.0,4.31,4.31
FISH,GAMBUSIA_HOLBROOKI,4.0,6.31,6.31
FISH,GASTEROSTEUS,1.0,6.83,6.83
FISH,GLOSSOGOBIUS_ANKARANENSIS,1.0,4.31,4.31
FISH,GOBIO_GOBIO,1.0,6.82,6.82
FISH,GYMNOGOBIUS_ISAZA,2.0,7.494999999999999,7.494999999999999
FISH,GYRODACTYLUS_SALARIS,1.0,6.84,6.84
FISH,HETERANDRIA_FORMOSA,1.0,4.31,4.31
FISH,HUCHO,1.0,6.84,6.84
FISH,HUCHO_PERRYI,2.0,5.31,5.31
FISH,HYBOGNATHUS_HANKINSONI,1.0,4.31,4.31
FISH,HYPSELEOTRIS_SPP,1.0,6.82,6.82
FISH,ICTALURUS_PUNCTATUS,2.0,5.57,5.57
FISH,KUHLIA_MARGINATA,1.0,6.84,6.84
FISH,KUHLIA_RUPESTRIS,1.0,6.84,6.84
FISH,LATES_CALCARIFER,1.0,6.84,6.84
FISH,LATES_NILOTICUS,1.0,6.82,6.82
FISH,LECITHASTER_GIBBOSUS,1.0,6.84,6.84
FISH,LEPOMIS,1.0,6.82,6.82
FISH,LEPOMIS_CYANELLUS,1.0,4.31,4.31
FISH,LEPOMIS_GIBBOSUS,3.0,6.074999999999999,6.074999999999999
FISH,LEPOMIS_MACROCHIRUS,1.0,6.82,6.82
FISH,LEUCISCUS_CEPHALUS,2.0,8.76,8.76
FISH,LINNAEUS,1.0,6.83,6.83
FISH,LOTA_LOTA,1.0,6.82,6.82
FISH,MAMIRAUA,1.0,6.83,6.83
FISH,MELIA,1.0,6.84,6.84
FISH,MENIDIA_MENIDIA,1.0,6.84,6.84
FISH,MICROCYSTIS,1.0,8.96,8.96
FISH,MICROPTERUS_SALMOIDES,3.0,8.38,8.38
FISH,MICROPTERUS_SPP,1.0,4.31,4.31
FISH,MICROTUS_OECONOMUS,1.0,6.82,6.82
FISH,MOGURNDA_ADSPERSA,1.0,4.31,4.31
FISH,MORONE_SAXATILIS,1.0,6.83,6.83
FISH,MOXOSTOMATINI,1.0,4.31,4.31
FISH,NOCOMIS,1.0,6.84,6.84
FISH,NOEMACHEILUS_BARBATULA,1.0,4.31,4.31
FISH,NOTROPIS,1.0,6.84,6.84
FISH,NOTROPIS_PETERSONI,1.0,4.31,4.31
FISH,ONCORHYNCHUS,1.0,6.82,6.82
FISH,ONCORHYNCHUS_MYKISS,1.0,6.83,6.83
FISH,ONCORHYNCHUS_NERKA,1.0,6.83,6.83
FISH,ORCONECTES_SPP,1.0,6.84,6.84
FISH,ORYZIAS_SINENSIS,1.0,4.31,4.31
FISH,OSMERUS_EPERLANUS,1.0,6.83,6.83
FISH,OSTEOGLOSSIFORMES,1.0,4.31,4.31
FISH,PERCA,2.0,7.81,7.81
FISH,PERCICHTHYS_THRUCHA,1.0,4.31,4.31
FISH,PERCICHTHYS_TRUCHA,1.0,4.31,4.31
FISH,PERCIDAE,1.0,4.31,4.31
FISH,PERCINA_CAPRODES,1.0,6.83,6.83
FISH,PERCINA_JENKINSI,1.0,4.31,4.31
FISH,PERCINA_ROANOKA,1.0,4.31,4.31
FISH,PEROMYSCUS_MANICULATUS,1.0,6.82,6.82
FISH,PETROCHROMIS_FASCIOLATUS,1.0,4.31,4.31
FISH,PETROMYZON_MARINUS,1.0,6.84,6.84
FISH,PHOXINUS_PHOXINUS,1.0,6.84,6.84
FISH,PIMELODIDAE,2.0,7.83,7.83
FISH,PIMELODUS_MACULATUS,1.0,10.68,10.68
FISH,PLECOGLOSSUS_ALTIVELIS,2.0,5.57,5.57
FISH,POECILIA_MEXICANA,1.0,4.31,4.31
FISH,POMOXIS_ANNULARIS,1.0,6.83,6.83
FISH,POMOXIS_NIGROMACULATUS,1.0,6.84,6.84
FISH,PORICHTHYS_NOTATUS,1.0,4.31,4.31
FISH,POTAMODROMOUS,1.0,8.96,8.96
FISH,PSEUDORASBORA_PARVA,1.0,4.31,4.31
FISH,PSEUDOTROPHEUS_ZEBRA,1.0,4.31,4.31
FISH,PTERODORAS_GRANULOSUS,1.0,4.31,4.31
FISH,PTYCHOCHEILUS_GRANDIS,1.0,4.31,4.31
FISH,PYLODICTIS_OLIVARIS,1.0,6.83,6.83
FISH,RHINOGOBIUS_BRUNNEUS,1.0,4.31,4.31
FISH,RHINOGOBIUS_SPP,1.0,6.84,6.84
FISH,RHODEUS_SERICEUS,4.0,6.57,6.57
FISH,RUTILUS,2.0,7.83,7.83
FISH,RUTILUS_RUTILUS,6.0,7.0249999999999995,7.0249999999999995
FISH,SALMO,2.0,7.82,7.82
FISH,SALMO_TRUTTA,3.0,8.37,8.37
FISH,SALVELINUS,1.0,6.82,6.82
FISH,SALVELINUS_ALPINUS,1.0,6.82,6.82
FISH,SALVELINUS_CONFLUENTUS,1.0,6.82,6.82
FISH,SALVELINUS_MALMA,1.0,4.31,4.31
FISH,SANDER_LUCIOPERCA,1.0,6.83,6.83
FISH,SANDER_VITREUS,2.0,7.82,7.82
FISH,SARDINOPS_SAGOX,1.0,6.84,6.84
FISH,SEBASTES_ATROVIRENS,1.0,4.31,4.31
FISH,SEBASTES_MELANOPS,1.0,4.31,4.31
FISH,SEMOTILUS,1.0,6.84,6.84
FISH,SICYOPTERUS,1.0,6.82,6.82
FISH,SICYOPTERUS_LAGOCEPHALUS,2.0,5.31,5.31
FISH,SILURUS_LITHOPHILUS,1.0,4.31,4.31
FISH,SIMOCHROMIS_PLEUROSPILU,1.0,4.31,4.31
FISH,SOREX,1.0,6.83,6.83
FISH,SQUALIUS_ALBURNOIDES,1.0,4.31,4.31
FISH,THYMALLUS_ARCTICUS,1.0,6.84,6.84
FISH,TILAPIA_NILOTICA,1.0,4.31,4.31
FISH,TREMITICHROMIS_INTERMEDIUS,1.0,4.31,4.31
FISH,TRIDENTIGER_KUROIWAE,1.0,6.84,6.84
FLORIDA,AMMOCRYPTA_BIFASCIA,1.0,13.41,13.41
FLORIDA,FISH,1.0,6.73,6.73
FOOD,BOSMINA,1.0,10.09,10.09
FOOD,EUDIAPTOMUS_GRACILOIDES,1.0,10.09,10.09
FOOD,GASTEROSTEUS,1.0,10.09,10.09
FOOD,HORPPILA,1.0,10.14,10.14
FOOD,IUTARIA,1.0,10.09,10.09
FOOD,MOGURNDA,1.0,10.14,10.14
FOOD,POMOXIS_ANNULARIS,1.0,10.09,10.09
FOOD,SILURUS_GLANIS,1.0,10.09,10.09
FOOD,TRICHOPTERA_SPP,1.0,10.09,10.09
FORMICIDAE,CICADELLIDAE,1.0,13.0,13.0
FORMICIDAE,HYMENOPTERA,1.0,12.19,12.19
FUNDULIDAE,FUNDULUS_SPP,2.0,12.83,12.83
FUNDULIDAE,ICTALURIDAE,1.0,13.0,13.0
FUNDULUS,PIMEPHALES,1.0,12.41,12.41
FUNDULUS_DIAPHANUS,FUNDULUS_SPP,2.0,13.0,13.0
FUNDULUS_HETEROCLITUS,FUNDULUS_SPP,2.0,12.83,12.83
FUNDULUS_HETEROCLITUS,LINNAEUS,1.0,8.68,8.68
FUNDULUS_JULISIA,NEOCHANNA_DIVERSUS,1.0,13.99,13.99
FUNDULUS_SPP,MICROPTERUS_SALMOIDES,1.0,11.67,11.67
GADUS_MORHUA,EGG,1.0,8.15,8.15
GALAXIAS,FISH,1.0,6.72,6.72
GALAXIAS,SPECIE,2.0,5.42,5.42
GALAXIAS_OCCIDENTALIS,GALAXIELLA_MUNDA,1.0,13.99,13.99
GALAXIIDAE,FISH,1.0,8.41,8.41
GALAXIIDAE,SPECIE,1.0,9.38,9.38
GALEOCHARAX_KNERII,HYPOSTOMUS_SPP,1.0,13.0,13.0
GAMBUSIA,DAPHNIA,2.0,11.54,11.54
GAMBUSIA,FISH,2.0,11.0,11.0
GAMBUSIA,MALE,1.0,9.48,9.48
GAMBUSIA,SPECIE,10.0,7.73,7.73
GAMBUSIA,SPECIES,4.0,9.28,9.28
GAMBUSIA_AFFINIS,MINNOW,1.0,10.3,10.3
GAMBUSIA_AFFINIS,SPECIE,1.0,4.43,4.43
GAMBUSIA_HOLBROOKI,FISH,1.0,6.73,6.73
GAMHUSIA_HOLBROOKI,LEPOMIS_MARGINATUS,1.0,13.41,13.41
GAMMARIDAE,FORMICIDAE,1.0,13.41,13.41
GAMMARUS,PREY,6.0,10.275,10.275
GASTEROSTEUS,PUNGITIUS_PUNGITIUS,1.0,13.41,13.41
GASTEROSTEUS,RANUNUCULUS_SPP,1.0,13.41,13.41
GASTEROSTEUS_ACULEATUS,LINNAEUS,5.0,10.93,10.93
GASTEROSTEUS_ACULEATUS,PYGOSTEUS_PUNGITIUS,1.0,11.99,11.99
GASTEROSTEUS_ACULEATUS,SOREX_SPP,1.0,11.67,11.67
GASTROPODA,CONCHOSTRACA,1.0,13.0,13.0
GASTROPODA,OSTRACODA,1.0,11.67,11.67
GASTROPODA,UNIONIDAE,1.0,12.41,12.41
GEOTRIA_AUSTRALIS,LARVA,1.0,6.31,6.31
GILA_ROBUSTA,CATOSTOMUS_DISCOBOLUS,1.0,13.41,13.41
GLYCERIA_FLUITANS,PHALARISS_ARUNDINACEA,1.0,13.99,13.99
GNATHOPOGON_IMBERBIS,ERYTHROCULTER_ILISHAEFORMIS,1.0,13.0,13.0
GOBIESOCIFORMES,LOPHIIFORMES,1.0,13.99,13.99
GOBIIDAE,NEOGOBIUS_MELANOSTOMUS,2.0,13.19,13.19
GOBIIDAE,PERCIDAE,1.0,11.83,11.83
GOBIOCYPRIS_RARUS,PROCYPRIS_RABAUDI,1.0,13.99,13.99
GOBIOIDEI,FISH,1.0,11.99,11.99
GOBIOIDEI,PREDATOR-PREY,1.0,12.19,12.19
GOBIOIDEI,SICYOPTERUS,1.0,11.99,11.99
GOBIOIDEI,SPECIES,2.0,11.41,11.41
GOBIO_GOBIO,RUTILUS_RUTILUS,1.0,8.96,8.96
GOBIUSCULUS_FLAVESCENS,GOBIIDAE,1.0,12.68,12.68
GYMNOCEPHALUS_CERNUUS,GADUS_MORHUA,1.0,13.0,13.0
GYMNOCEPHALUS_CERNUUS,NEOGOBIUS_MELANOSTOMUS,1.0,12.41,12.41
GYMNOGEOPHAGUS_GYMNOGENYS,GYMNOGEOPHAGUS,1.0,13.41,13.41
HAEMULIDAE,MONODACTYLIDAE,1.0,13.0,13.0
HARPACTICOIDA,UNIONIDAE,1.0,13.0,13.0
HEMICULTER_LEUCISCULUS,ERYTHROCULTER_ILISHAEFORMIS,1.0,13.0,13.0
HEMIGRAMMUS_ERYTHROZONUS,CHARACIDAE,1.0,12.68,12.68
HEMIPTERA,ARACHNIDAE,1.0,12.41,12.41
HEMIPTERA,CICADELLIDAE,1.0,12.19,12.19
HEMIPTERA,GAMMARIDAE,1.0,12.19,12.19
HEMIPTERA,HEMIPTERA,1.0,10.82,10.82
HEMIPTERA,ODONATA,1.0,11.3,11.3
HEPHAESTUS_FULIGINOSUS,LEIOPOTHERAPON_UNICOLOR,1.0,13.41,13.41
HEPTAGENIIDAE,HYDROPSYCHIDAE,1.0,13.41,13.41
HETEROPTERA,ARANEIDA,1.0,13.0,13.0
HETEROTIS,LARVA,1.0,6.31,6.31
HEXARTHRA,TRICHOCERCA,1.0,13.99,13.99
HIODONTIDAE,HIODON_SPP,1.0,13.99,13.99
HOLOPEDIUM_GIBBERUM,LEPTODORA_KINDTII,1.0,13.99,13.99
HOMOPTERA,HYDRACARINA,1.0,13.99,13.99
HUCHO,PARAHUCHO,1.0,13.41,13.41
HUCHO,SPECIE,1.0,4.43,4.43
HYALELLA_AZTECA_PREFERIDA,LEPOMIS,1.0,13.99,13.99
HYBOGNATHUS,ICTIOBUS,1.0,13.99,13.99
HYBOGNATHUS_ARGRYTUS,NOTROPIS_TOPEKA,1.0,13.99,13.99
HYBOGNATHUS_NUCHALIS,NOTROPIS_TEXANUS,1.0,13.99,13.99
HYBOPSIS,PIMEPHALES,1.0,12.41,12.41
HYBOPSIS_AMBLOPS,LUXILUS_CHRYSOCEPHALUS,1.0,13.0,13.0
HYDRACARINA,UNIONIDAE,1.0,13.0,13.0
HYDRAENIDAE,EMPIDIDAE,1.0,13.99,13.99
HYDRILLA_VERTICILLATA,POTAMOGETON_ILLINOENSIS,1.0,13.99,13.99
HYDROPSYCHIDAE,LEPTOPHLEBIDAE,1.0,13.99,13.99
HYMENOPTERA,COLEOPTERA,1.0,12.19,12.19
HYMENOPTERA,FORMICIDAE,1.0,12.41,12.41
HYMENOPTERA,HYMENOPTERA,1.0,11.83,11.83
HYMENOPTERA,ORTHOPTERA,1.0,12.68,12.68
HYPOSTOMUS_URUGUAYENSIS,PROCHILODUS_LINEATUS,1.0,13.99,13.99
ICHTHYOMYZON_BDELLIUM,CAMPOSTOMA_OLIGOLEPIS,1.0,13.41,13.41
ICTALURIDAE,AMEIURUS_SPP,2.0,13.0,13.0
ICTALURIDAE,SALMONIDAE,1.0,10.91,10.91
ICTALURUS,MICROPTERUS_SALMOIDES,1.0,13.0,13.0
ICTALURUS_FURCATUS,ICTALURUS_SPP,1.0,12.68,12.68
ICTALURUS_FURCATUS,ICTIOBUS_BUBALUS,1.0,13.41,13.41
ICTALURUS_PUNCTATUS,ICTALURUS_SPP,1.0,12.68,12.68
ICTALURUS_PUNCTATUS,PYLODICTIS_OLIVARIS,1.0,13.41,13.41
ICTIOBUS_BUBALUS,LEPISOSTEUS_SPP,1.0,13.0,13.0
ILIAMNA,FISH,2.0,7.72,7.72
INSECT,CHIRONOMIDAE,1.0,13.41,13.41
INSECT,DIPTERA,1.0,8.91,8.91
INSECT,MOLLUSCA,1.0,9.09,9.09
INSECT,TRICHOPTERA,1.0,12.19,12.19
INVERTEBRATE,AMPHIPODA,1.0,9.91,9.91
INVERTEBRATE,ARANEAE,1.0,9.95,9.95
INVERTEBRATE,CARDONA,1.0,9.91,9.91
INVERTEBRATE,CHAOBORUS,1.0,10.91,10.91
INVERTEBRATE,COLEOPTERA,2.0,10.91,10.91
INVERTEBRATE,COLLEMBOLA,1.0,13.41,13.41
INVERTEBRATE,COREGONUS_ARTEDI,1.0,9.95,9.95
INVERTEBRATE,CULICIDAE,1.0,9.95,9.95
INVERTEBRATE,DIPTERA,1.0,9.95,9.95
INVERTEBRATE,EPHEMEROPTERA,2.0,10.33,10.33
INVERTEBRATE,FORMICIDAE,1.0,9.95,9.95
INVERTEBRATE,GASTROPODA,1.0,9.95,9.95
INVERTEBRATE,MYSIS_RELICTA,1.0,9.95,9.95
INVERTEBRATE,MYSIS_SPP,1.0,9.91,9.91
INVERTEBRATE,NEOGOBIUS,1.0,9.95,9.95
INVERTEBRATE,NEOGOBIUS_MELANOSTOMUS,1.0,9.95,9.95
INVERTEBRATE,ODONATA,1.0,9.91,9.91
INVERTEBRATE,PELECYPODA,1.0,9.95,9.95
INVERTEBRATE,PLECOPTERA,1.0,13.99,13.99
INVERTEBRATE,TRICHOPTERA,1.0,9.83,9.83
INVERTEBRATE,VALLISNERIA,1.0,9.95,9.95
IOTICHTHYS_PHLEGETHONTIS,RHADINOCENTRIS_ORNATUS,1.0,13.99,13.99
ISOPODA,ONISCIDEA,1.0,13.0,13.0
ISOPODA,TURBELLARIA,1.0,13.41,13.41
KERATELLA,POLYARTHRA,1.0,13.99,13.99
KUHLIIDAE,SPECIE,1.0,4.43,4.43
LABEO_BATESII,TILAPIA_THOLLONI,1.0,13.99,13.99
LABRATREMA,MINIMUS,1.0,13.99,13.99
LAGAROSIPHON,SPECIE,1.0,10.91,10.91
LAMPETRA,CAMPOSTOMA_OLIGOLEPIS,1.0,13.0,13.0
LAMPETRA,SPECIE,1.0,4.43,4.43
LAMPETRA_SPP,LARVA,1.0,6.31,6.31
LARVA,BOSMINIDAE,1.0,10.04,10.04
LARVA,CHIRONOMUS_PLUMOSUS,1.0,13.0,13.0
LARVA,COLLEMBOLA,1.0,9.95,9.95
LARVA,COPEPODA,2.0,10.47,10.47
LARVA,CRANGON_SEPTEMSPINOSA,1.0,10.04,10.04
LARVA,GASTROPODA,1.0,9.95,9.95
LARVA,HYDRAENIDAE,1.0,10.04,10.04
LARVA,MACROBRANCHIUM,1.0,10.0,10.0
LARVA,MORONE_SAXATILIS,1.0,10.0,10.0
LARVA,NEMATODA,1.0,10.04,10.04
LARVA,OSTRACODA,2.0,10.79,10.79
LARVA,TUBIFICIDAE,1.0,10.04,10.04
LATINA,LATIUM,1.0,13.99,13.99
LEPIDOPTERA,LEPIDOPTERA,1.0,12.68,12.68
LEPIDOSTOMATIDAE,PHRYGANEIDAE,1.0,13.0,13.0
LEPISOSTEIDAE,LEPISOSTEUS_SPP,1.0,13.0,13.0
LEPISOSTEUS_OCULATUS,LEPISOSTEUS_OSSEUS,1.0,13.99,13.99
LEPISOSTEUS_OSSEUS,CATCH,1.0,13.99,13.99
LEPOMIS,LINNAEUS,1.0,8.68,8.68
LEPOMIS,SPECIE,2.0,5.42,5.42
LEPOMIS_AURITUS,LINNAEUS,1.0,8.71,8.71
LEPOMIS_CYANELLUS,MICROPTERUS_SALMOIDES,1.0,13.0,13.0
LEPOMIS_GIBBOSUS,LEPOMIS_SPP,2.0,11.99,11.99
LEPOMIS_GIBBOSUS,LINNAEUS,2.0,9.62,9.62
LEPOMIS_GIBBOSUS,PSEUDORASBORA_PARVA,1.0,11.99,11.99
LEPOMIS_GIBBOSUS,RUTILUS_RUTILUS,1.0,8.85,8.85
LEPOMIS_GULOSUS,LEPOMIS_SPP,1.0,11.54,11.54
LEPOMIS_HUMILIS,LEPOMIS_SPP,1.0,11.54,11.54
LEPOMIS_MACROCHIRUS,LEPOMIS_MACROCHIRUS,1.0,10.91,10.91
LEPOMIS_MACROCHIRUS,LEPOMIS_SPP,2.0,12.29,12.29
LEPOMIS_MEGALOTIS,LEPOMIS_SPP,1.0,11.54,11.54
LEPOMIS_SPP,MICROPTERUS_SALMOIDES,1.0,11.67,11.67
LEPTODORA_KINDTII,BYTHOTREPHES_LONGIMANUS,1.0,13.41,13.41
LEPTODORA_KINDTII,POLYPHEMUS_PEDICULUS,1.0,13.41,13.41
LEPTOPHLEBIDAE,LIMNEPHILIDAE,1.0,13.99,13.99
LESINA,EEL,1.0,9.64,9.64
LETHENTERON_CAMTSCHATICUM,ONCORHYNCHUS_KETA,1.0,12.41,12.41
LETHENTERON_REISSNERI,LARVA,1.0,6.31,6.31
LEUCISCUS_PYRENAICUS,TROPIDOPHOXINELLUS_ALBURNOIDES,1.0,13.41,13.41
LIE-IN-WAIT,CRYSTALLARIA_ASPRELLA,1.0,13.99,13.99
LIGIA_ITALICA,FABRICIUS,1.0,13.99,13.99
LIMNEPHILIDAE,ONDONTOCERIDAE,1.0,13.41,13.41
LIMNEPHILIDAE,PHRYGANEIDAE,1.0,12.68,12.68
LIMNOCALANUS_MACRURUS,EUDIAPTOMUS_SPP,1.0,13.99,13.99
LIMNOLOGIA,BRASILIA,1.0,13.41,13.41
LINNAEUS,GAMBUSIA_AFFINIS,1.0,11.67,11.67
LINNAEUS,GOBIO_GOBIO,1.0,11.99,11.99
LINNAEUS,ONCORHYNCHUS_MYKISS,1.0,9.71,9.71
LINNAEUS,PHOXINUS_PHOXINUS,1.0,10.3,10.3
LINNAEUS,SCARDINIUS_ERYTHROPHTHALMUS,1.0,11.99,11.99
LIOBAGRUS_STYANI,SILURUS_ASOTUS,1.0,13.99,13.99
LIOBAGRUS_STYANIA,BAGRIDAE,1.0,13.41,13.41
LIRCEUS,PREY,1.0,10.41,10.41
LONTRA_CANADENSIS,ESOX_LUCIUS,1.0,11.41,11.41
LONTRA_CANADENSIS,SANDER_VITREUS,1.0,12.41,12.41
LORICARIIDAE,PIMELODIDAE,1.0,13.0,13.0
LORICARIIDAE,SPECIE,1.0,4.43,4.43
LOTA_LOTA,LINNAEUS,1.0,8.62,8.62
LOTA_LOTA,LINNEAUS,4.0,13.41,13.41
LOTA_LOTA,MICROPTERUS_DOLOMIEU,1.0,12.19,12.19
LOTIDAE,SALMONIDAE,2.0,11.99,11.99
LUCIOBARBUS_GRAELLSII,CARASSIUS_AURATUS,1.0,12.68,12.68
LUCIUS,LEPOMIS_CYANELLUS,1.0,11.99,11.99
LUCIUS,LINNAEUS,1.0,8.69,8.69
LUDWIGIA,JUSTICIA,1.0,13.99,13.99
LUTJANIDAE,MONODACTYLIDAE,1.0,13.0,13.0
LUTRA_LUTRA,ALCEDO_ATTHIS,1.0,12.68,12.68
LUTRA_LUTRA,ARDEA_CINERIA,1.0,13.0,13.0
LUTRA_LUTRA,EGRETTA_GARZETTA,1.0,13.0,13.0
LUXILUS_CORNUTUS,LEPOMIS_CYANELLUS,1.0,11.83,11.83
LUXILUS_CORNUTUS,MINNOW,1.0,10.24,10.24
LUXILUS_CORNUTUS,PIMEPHALES_PROMELAS,1.0,10.82,10.82
LYTHRURUS_ATRACPICULUS,MICROPTERUS_CATERACTAE,1.0,13.99,13.99
MACQUARIA,AMBIGUA,1.0,13.41,13.41
MACQUARIA_AMBIGUA,PERCICHTHYIDAE,1.0,12.68,12.68
MACRHYBOPSIS_AESTIVALIS,DOROSOMA_CEPEDIANUM,1.0,13.41,13.41
MACRHYBOPSIS_GELIDA,PLATYGOBIO_GRACILIS,1.0,13.99,13.99
MALE,HIME_SALMON,1.0,7.18,7.18
MALE,LABEOTROPHEUS_FUELLEBORNI,1.0,7.18,7.18
MALE,METRIACLIMA_MBENJII,1.0,7.18,7.18
MALE,NOCOMIS_BIGUTTATUS,1.0,7.18,7.18
MALE,TRIDENTIGER_BREVISPINIS,1.0,7.18,7.18
MASTACEMBELIDAE,MASTACEMBELUS_ACULEATUS,1.0,13.41,13.41
MEGALOPTERA,DIPTERA,1.0,11.09,11.09
MEGALOPTERA,EPHEMEROPTERA,2.0,12.41,12.41
MEGALOPTERA,TRICHOPTERA,1.0,10.41,10.41
MESOCYCLOPS,DIAPTOMUS,1.0,13.99,13.99
METYNNIS_MACULATUS,PIARACTUS_MESOPOTAMICUS,1.0,13.99,13.99
MICROCTENOPOMA_NANUM,CLARIAS_CAMERUNENSIS,1.0,13.99,13.99
MICROPTERUS,SPECIE,1.0,4.43,4.43
MICROPTERUS,SPECIES,1.0,7.4,7.4
MICROPTERUS_SALMOIDES,CICHLASOMA_FACETUM,1.0,12.19,12.19
MICROPTERUS_SALMOIDES,POMOXIS_SPP,2.0,13.67,13.67
MICROTUS_OECONOMUS,CLETHRIONOMYS_RUTILUS,1.0,13.99,13.99
MILDURA,VICTORIA,1.0,13.41,13.41
MINAMIHAMA,MALE,2.0,11.14,11.14
MINNOW,CYPINIDAE,1.0,8.85,8.85
MINNOW,CYPRINELLA,1.0,8.87,8.87
MINNOW,ERIMONAX_MONACHUS,1.0,8.87,8.87
MINNOW,FUNDULUS_NOTATUS,1.0,8.85,8.85
MINNOW,GALAXIAS_MACULATUS,2.0,9.79,9.79
MINNOW,GALAXIELLA_NIGROSTRIATA,2.0,9.85,9.85
MINNOW,HYBOGNATHUS_PLACITUS,2.0,9.85,9.85
MINNOW,NOTROPIS_LUTRENSIS,1.0,8.87,8.87
MINNOW,NOTROPIS_MEKISTOCHOLAS,1.0,8.87,8.87
MINNOW,PHOXINUS_PHOXINUS,19.0,12.75,12.75
MINNOW,PIMEPHALES_NOTATUS,4.0,10.79,10.79
MINNOW,PIMEPHALES_PROMELAS,14.0,12.41,12.41
MINNOW,PIMEPHALES_VIGILAX,4.0,10.73,10.73
MINNOW,RHINICHTHYS_CATARACTAE,1.0,8.85,8.85
MIRANDA,MIRZA,1.0,13.99,13.99
MIRA_CHUB,SQUALIUS_TORGALENSIS,1.0,13.99,13.99
MISCANTHIDIUM_VIOLACEUM,VOSSIA_CUSPIDATA,1.0,13.99,13.99
MISGURNUS_ANGUILLICAUDATUS,HOMALOPTERIDAE,1.0,13.99,13.99
MOENKHAUSIA_DICHROURA,ROEBOIDES_AFFINIS,1.0,13.99,13.99
MOLLUSCA,BIVALVIA,1.0,13.0,13.0
MOLLUSCA,SPECIE,1.0,4.43,4.43
MOLLUSCA,TRICHOPTERA,1.0,10.47,10.47
MONOGENEA,GYRODACTILIDAE,1.0,13.41,13.41
MONOGENEA,GYRODACTYLIDAE,1.0,13.41,13.41
MONOPTERUS_ALBA,GNATHOPOGON_IMBERBIS,1.0,13.99,13.99
MORONE_AMERICANA,PERCA_FLAVESCENS,1.0,10.6,10.6
MORONE_SAXATILIS,LARVA,1.0,6.3,6.3
MORONE_SAXATILIS,MICROPTERUS_SPP,1.0,13.0,13.0
MORONIDAE,MORONE_SAXATILIS,1.0,13.41,13.41
MOXOSTOMA_MACROLEPIDOTUM,LARVA,1.0,6.31,6.31
MUGILIDAE,TERAPONTIDAE,1.0,13.99,13.99
MUGIL_CEPHALUS,LINNAEUS,1.0,8.71,8.71
MUIKUN_TALVINUOTTAUS_JA,KUUSAMOSSA,1.0,13.99,13.99
MUSTELA_VISON,ESOX_LUCIUS,1.0,11.41,11.41
MUSTELA_VISON,TROUT,1.0,8.08,8.08
MYODES_RUTILUS,SOREX_SPP,1.0,13.0,13.0
MYOXOCEPHALUS_THOMPSONII,LARVA,1.0,6.31,6.31
MYRIOPHYLLUM,CERATOPHYLLUM,1.0,13.99,13.99
MYSIDACEA,HEMIMYSIS_ANOMALA,1.0,13.99,13.99
MYSIDAE,GAMMARIDAE,1.0,13.41,13.41
MYSIS_DILUVIANA,FISH,2.0,7.72,7.72
MYTILUS_TROSSULUS,MACOMA_BALTHICA,1.0,13.99,13.99
NATURALIUM,ACADEMIAE_SCIENTIARUM_BOHEMOSLOVACAE,1.0,13.41,13.41
NEMATODA,ANISAKIDAE,1.0,13.0,13.0
NEMATODA,LARVA,1.0,6.3,6.3
NEMATODA,OLIGACHAETA,1.0,13.0,13.0
NEOGOBIUS,FISH,1.0,6.73,6.73
NEOGOBIUS,SPECIE,1.0,4.43,4.43
NEOGOBIUS_GYMNOTRACHELUS,NEOGOBIUS_KESSLERI,1.0,13.99,13.99
NEOGOBIUS_MELANOSTOMUS,PROTERORHINUS_SEMILUNARIS,1.0,13.41,13.41
NEOLEBIAS_TREWAVASAE,MICROCTENOPOMA_NANUM,1.0,13.99,13.99
NIANGUA,ETHEOSTOMA_NIANGUAE,1.0,13.99,13.99
NICOLA,ELVIRA,2.0,13.99,13.99
NIEMELA,TROUT,1.0,8.09,8.09
NOCOMIS,CAMPOSTOMA,1.0,12.41,12.41
NOCOMIS,SPECIE,3.0,6.01,6.01
NOCOMIS,SPECIES,1.0,7.38,7.38
NOCOMIS_LEPTOCEPHALUS,ETHEOSTOMA_SWAINI,1.0,13.99,13.99
NOTEMIGONUS,HYBOGNATHUS,1.0,13.99,13.99
NOTROPIS_ATHERINOIDES,CULAEA_INCON,1.0,13.99,13.99
NOTROPIS_BOOPS,CAMPOSTOMA_ANOMALUM,2.0,13.99,13.99
NOTROPIS_DORSALIS,LEPOMIS_MACROCHIRUS,1.0,11.0,11.0
NOTROPIS_DORSALIS,MINNOW,1.0,10.3,10.3
NOTROPIS_MEKISTOCHOLAS,EGG,1.0,8.13,8.13
NOTROPIS_MEKISTOCHOLAS,LARVA,2.0,7.3,7.3
NOTROPIS_TEXANUS,PIMEPHALES_VIGILAX,1.0,11.83,11.83
NOTURUS_EXILIS,LEPOMIS_CYANELLUS,1.0,12.19,12.19
ODONATA,AMPHIPODA,1.0,12.19,12.19
ODONATA,DIPTERA,1.0,10.91,10.91
ODONATA,INSECT,1.0,11.54,11.54
ODONATA,LARVA,1.0,6.29,6.29
ODONATA,PLECOPTERA,1.0,10.91,10.91
ODONATA,TRICHOPTERA,1.0,10.3,10.3
OECOLOGIA,APPLICATA,1.0,13.41,13.41
OECOLOGIA,CONSUMER,1.0,12.68,12.68
OLIGACHAETA,GASTROPODA,1.0,13.0,13.0
OLIGOCHAETA,CRUSTACEA,1.0,13.41,13.41
OLIGOCHAETA,EPHEMEROPTERA,1.0,11.67,11.67
ONCHORHYNCUS_TSCHAWYCHA,SALMO_TRUTTA_INTRODUCIDOS,1.0,13.99,13.99
ONCORHYNCHUS,SALMO,1.0,11.0,11.0
ONCORHYNCHUS,SPECIE,4.0,6.43,6.43
ONCORHYNCHUS_KISUTCH,SALMON,1.0,8.4,8.4
ONCORHYNCHUS_MYKISS,SALMON,2.0,10.32,10.32
ONCORHYNCHUS_MYKISS,TROUT,2.0,9.05,9.05
ONCORHYNCHUS_NERKA,SALVELINUS_CONFLUENTUS,1.0,10.75,10.75
ONDONTOCERIDAE,PHILOPOTAMIDAE,1.0,13.99,13.99
OPSOPOEODUS,NOTEMIGONUS,1.0,13.99,13.99
OREOCHROMIS_NILOTICUS,LINNAEUS,1.0,8.69,8.69
OREOCHROMIS_NILOTICUS,TILAPIA_RENDALLI,1.0,13.0,13.0
ORGANISM,HERRERA,1.0,10.68,10.68
ORGANISM,UTA_STANSBURIANA,1.0,10.68,10.68
ORSODACNE_ATRA,PLECOPTERA,1.0,11.41,11.41
ORTHOCLADIINAE,CLADOCERA,1.0,11.99,11.99
ORTHOCLADIINAE,TANYPODINAE,1.0,13.41,13.41
ORYZIAS_SINENSIS,ICTIOBUS_NIGER,1.0,13.99,13.99
OSMERIDAE,OSMERUS_MORDAX,1.0,13.99,13.99
OSMERUS_EPERLANUS,LARVA,1.0,6.31,6.31
OSTARIOPHYSI,CHARACIFORMES,1.0,13.99,13.99
OSTEICHTHYES,CHARACIDAE,1.0,12.19,12.19
OSTEICHTHYES,CYPINIDAE,1.0,12.68,12.68
OSTEICHTHYES,SILURIFORMES,1.0,13.0,13.0
OSTEOGLOSSOMORPHA,MORMYRIDAE,1.0,13.41,13.41
OSTEOGLOSSOMORPHA,OSTEOGLOSSIDAE,1.0,12.41,12.41
OSTRACODA,CHIRONOMIDAE,1.0,12.19,12.19
OSTRACODA,DIPTERA,1.0,11.19,11.19
OSTRACODA,GAMBUSIA_AFFINIS,1.0,11.99,11.99
PACHYTA_LAMED_LITURATA,PLECOPTERA,1.0,11.41,11.41
PAGRUS_AURATUS,SPARIDAE,1.0,13.41,13.41
PANTOSTEUS,CASTOSTOMUS,1.0,13.99,13.99
PARAHUCHO,SALVELINUS,1.0,13.0,13.0
PARR,SALMO,1.0,9.64,9.64
PARR,SALMO_SALAR,10.0,10.94,10.94
PARR,SALMO_TRUTTA,1.0,7.14,7.14
PERCA,ABRAMIS_BRAMA,1.0,11.19,11.19
PERCA,LINNAEUS,7.0,11.38,11.38
PERCA,RUTILUS_RUTILUS,1.0,8.79,8.79
PERCA_FLAVESCENS,FISH,2.0,7.72,7.72
PERCA_FLAVESCENS,MINNOW,1.0,10.24,10.24
PERCA_FLUVIATILIS,GYMNOCEPHALUS_CERNUUS,1.0,13.0,13.0
PERCH,AMBIGUA,1.0,7.62,7.62
PERCH,APHREDODERUS_SAYANUS,1.0,7.63,7.63
PERCH,BIDYANUS_BIDYANUS,1.0,7.63,7.63
PERCH,GYMNOCEPHALUS_CERNUUS,1.0,7.62,7.62
PERCH,KUHLIA_RUPESTRIS,1.0,7.63,7.63
PERCH,LATES_NILOTICUS,6.0,10.17,10.17
PERCH,LEIOPOTHERAPON_UNICOLOR,1.0,7.62,7.62
PERCH,LINNAEUS,6.0,9.67,9.67
PERCH,MACQUARIA_AMBIGUA,7.0,10.38,10.38
PERCH,MACQUARIA_AUSTRALASICA,3.0,9.2,9.2
PERCH,MORONE_AMERICANA,4.0,9.61,9.61
PERCH,NANNOPERCA_OBSCURA,1.0,7.63,7.63
PERCH,NOTROPIS_SPP,2.0,8.62,8.62
PERCH,PERCA,3.0,9.2,9.2
PERCH,PERCAFLUVIUTILIS,1.0,7.63,7.63
PERCH,PERCAJUVIATILIS,1.0,7.63,7.63
PERCH,PERCA_FLAVESCENS,15.0,11.38,11.38
PERCH,PERCA_JKZVESCENS,1.0,7.63,7.63
PERCH,PERCA_JUVIATILIS,2.0,8.62,8.62
PERCH,PERCICHTHYIDAE,1.0,7.61,7.61
PERCH,PERCICHTHYS_TRUCHA,1.0,7.62,7.62
PERCH,PERCIDAE,1.0,7.59,7.59
PERCH,PERCINA_CAPRODES,1.0,7.63,7.63
PERCH,PERCOPSIS_OMISCOMAYCUS,1.0,7.63,7.63
PERCH,PLECTROPLITES_AMBIGUUS,2.0,8.62,8.62
PERCH,STIZOSTEDION_LUCIOPERCA,1.0,7.62,7.62
PERCH,VICTORIA,1.0,7.62,7.62
PERCIDAE,CYPRINIDAE,1.0,10.41,10.41
PERCIDAE,PERCA,1.0,11.99,11.99
PERCIDAE,PERCA_FLAVESCENS,3.0,11.58,11.58
PERCIDAE,PERCH,1.0,9.87,9.87
PERCIDAE,PERCINA_SPP,1.0,11.19,11.19
PERCIDAE,SALMONIDAE,2.0,11.3,11.3
PERCIDAE,SANDER_VITREUS,2.0,12.19,12.19
PERCIDAE,SILURIDAE,1.0,11.09,11.09
PERCIDAE,SPECIE,1.0,4.42,4.42
PERCIDAE,TELEOSTEI,1.0,10.82,10.82
PERCIFORMES,BELONTIIDAE,1.0,11.83,11.83
PERCIFORMES,CICHLA_SPP,1.0,11.67,11.67
PERCIFORMES,CICHLIDAE,1.0,11.54,11.54
PERCIFORMES,GOBIIDAE,1.0,11.41,11.41
PERCIFORMES,MASTACEMBELUS_ACULEATUS,1.0,11.67,11.67
PERCIFORMES,PERCICHTHYIDAE,2.0,12.41,12.41
PERCIFORMES,SPARIDAE,1.0,11.67,11.67
PERCINA_ANTESELLA,PERCINA_LENTICULA,1.0,13.99,13.99
PERCINA_CAPRODES,LEPOMIS_CYANELLUS,1.0,11.99,11.99
PERCINA_CAPRODES,PERCINA_SCIERA,1.0,13.0,13.0
PERCINA_PHOXOCEPHALA,PERCINA_SCIERA,1.0,13.41,13.41
PERCINA_SCIERA,PERCINA_SPP,1.0,13.41,13.41
PESQUISA_DA,AMAZONIA,3.0,13.99,13.99
PETROMYZON,LINNAEUS,1.0,8.71,8.71
PETROMYZONTIDAE,SILURIDAE,1.0,13.0,13.0
PETROMYZON_MARINUS,LINNAEUS,3.0,10.26,10.26
PHALARIS_ARUNDINACEA,LINNAEUS,1.0,8.71,8.71
PHILOPOTAMIDAE,SERICOSTOMATIDAE,1.0,13.99,13.99
PHOXINUS_OXYCEPHALUS,HEMIBARBUS_LABEO,1.0,13.99,13.99
PHOXINUS_PHOXINUS,CYPRINIDAE,1.0,11.19,11.19
PHOXINUS_PHOXINUS,LEUCISCUS_CEPHALUS,1.0,12.68,12.68
PHYSA,GYRAULUS,2.0,13.99,13.99
PIARACTUS_MESOPOTAMICUS,SCHIZODON_NASUTUS,1.0,12.68,12.68
PIMELODELLA_GRACILIS,PIMELODUS_BLOCHII,1.0,13.99,13.99
PIMELODELLA_KRONEI,COTTUS_BAIRDI,1.0,13.41,13.41
PIMELODUS_MACULATES,SCHIZODON_NASUTUS,1.0,12.68,12.68
PIMELODUS_MACULATUS,SCHIZODON_NASUTUS,1.0,12.68,12.68
PIMEPHALES,MINYTREMA,1.0,13.99,13.99
PIMEPHALES_NOTATUS,CYPRINUS_CARPIO,1.0,13.99,13.99
PIMEPHALES_PROMELAS,LARVA,1.0,6.3,6.3
PIMEPHALES_PROMELAS,OSTEICHTHYES,1.0,13.0,13.0
PIMEPHALES_PROMELAS,PIMEPHALES_NOTATUS,1.0,11.99,11.99
PLANKTIVOROUS,FISH,3.0,8.3,8.3
PLANKTIVOROUS,MALE,1.0,10.0,10.0
PLANKTIVOROUS,PERCH,1.0,9.06,9.06
PLATYHELMINTHES,MONOGENEA,1.0,13.99,13.99
PLECOPTERA,HEMIPTERA,2.0,11.61,11.61
PLECOPTERA,NYMPH,1.0,10.3,10.3
PLECOPTERA,PLECOPTERA,1.0,10.75,10.75
PLECOPTERA,TRICHOPTERA,4.0,12.19,12.19
PLEURONECTIFORMES,GOBIESOCIFORMES,1.0,13.99,13.99
POECILIA_LATIPINNU,LEPOMIS_MARGINATUS,1.0,13.41,13.41
POECILIA_MEXICANA,POECILIIDAE,3.0,13.58,13.58
POECILIA_RETICULATA,POECILIIDAE,1.0,12.41,12.41
POECILIDAE,GAMBUSIA_HOLBROOKI,1.0,12.41,12.41
POECILIIDAE,PERCIDAE,1.0,11.83,11.83
POECILIIDAE,SALMONIDAE,1.0,10.91,10.91
POECILIIDAE,TELEOSTEI,1.0,11.83,11.83
POLYARTHRA,BRACHIONUS,1.0,13.99,13.99
POLYODONTIDAE,UMBRIDAE,1.0,12.19,12.19
POPULUS,PLATANUS,1.0,13.99,13.99
POTAMOGETON_ILLINOENSIS,PANICUM_HEMITOMON,1.0,13.99,13.99
POTAMOGETON_NATANS,CAREX_RIPARIA,1.0,13.99,13.99
PREDATOR,ALCEDO_ATTHIS,1.0,9.91,9.91
PREDATOR,AMBLOPLITES_RUPESTRIS,1.0,9.95,9.95
PREDATOR,ARDEA_CINEREA,1.0,9.95,9.95
PREDATOR,ARDEA_HERODIAS,1.0,9.95,9.95
PREDATOR,CERYLE_ALCYON,1.0,9.95,9.95
PREDATOR,CRENICICHLA,1.0,11.09,11.09
PREDATOR,DIPOREIA,1.0,9.87,9.87
PREDATOR,ESOX_LUCIUS,2.0,9.285,9.285
PREDATOR,GADUS_MORHUA,1.0,9.04,9.04
PREDATOR,LOTA_LOTA,1.0,9.83,9.83
PREDATOR,LUTJANUS_GRISEUS,1.0,9.06,9.06
PREDATOR,MICROPTERUS_DOLOMIEU,1.0,9.95,9.95
PREDATOR,MICROPTERUS_SALMOIDES,1.0,9.64,9.64
PREDATOR,MUSTELA_VISON,2.0,10.91,10.91
PREDATOR,PELECANUS_ERYTHROHYNCHOS,1.0,9.95,9.95
PREDATOR,PERCA_FLAVESCENS,1.0,9.95,9.95
PREDATOR,SALMO_TRUTTA,1.0,9.53,9.53
PREDATOR,SILURUS_GLANIS,1.0,9.0,9.0
PREY,AMPHIPODA,1.0,8.75,8.75
PREY,ARDEA,1.0,8.75,8.75
PREY,BOSMINA_SPP,1.0,11.09,11.09
PREY,CHAOBORUS,1.0,6.01,6.01
PREY,CICHLIDAE,1.0,8.76,8.76
PREY,CICONIA_CICONIA,1.0,8.75,8.75
PREY,CLADOCERA,1.0,8.76,8.76
PREY,CLETHRIONOMYS_RUTILUS,1.0,8.71,8.71
PREY,CORIXIDAE,1.0,11.19,11.19
PREY,DIPOREIA,1.0,8.73,8.73
PREY,DIPTERA,1.0,6.0,6.0
PREY,ENTOSPHENUS_TRIDENTATUS,1.0,6.03,6.03
PREY,FUNDULUS_SPP,1.0,8.76,8.76
PREY,GERRIS,1.0,6.03,6.03
PREY,HALIPLUS,1.0,8.76,8.76
PREY,LAMPETRA_PLANERI,1.0,11.3,11.3
PREY,LAMPETRA_REISSNERI,1.0,6.03,6.03
PREY,LIMNOPHILUS,1.0,8.76,8.76
PREY,MICROPTERUS_SALMOIDES,1.0,8.62,8.62
PREY,MICROTUS_OECONOMUS,1.0,8.71,8.71
PREY,MILVUS_NIGRANS,1.0,8.75,8.75
PREY,ODONATA,1.0,8.75,8.75
PREY,PEROMYSCUS_MANICULATUS,1.0,8.71,8.71
PREY,PETROMYZON_MARINUS,1.0,6.03,6.03
PREY,SALMO,1.0,8.69,8.69
PREY,SALMO_TRUTTA,1.0,11.09,11.09
PREY,SOREX,1.0,8.75,8.75
PREY,TRICHOPTERA,2.0,9.95,9.95
PREY,VULPES_VULPES,1.0,8.76,8.76
PROTERORHINUS_SEMILUNARIS,NEOGOBIUS_MELANOSTOMUS,1.0,12.68,12.68
PSEUDOCHONDROSTOMA_POLYLEPIS,AUSTRALOHEROS_FACETUM,1.0,13.99,13.99
PSEUDOCLOEON,BAETIS,1.0,13.99,13.99
PSEUDOPLASTYSTOMA,ZUNGARO,1.0,13.99,13.99
PSEUDOPLATYSTOMA_CORRUSCANS,SALMINUS_BRASILIENSIS,1.0,13.99,13.99
PSEUDORASBORA_PARVA,SANDER_LUCIOPERCA,2.0,13.99,13.99
PSEUDOTROPHEUS,MAYLANDIA,1.0,13.99,13.99
PSOCOPTERA,ARANEIDA,1.0,13.0,13.0
PTYCHOCHEILUS,LUCIUS,1.0,10.3,10.3
QUERCUS,POPULUS,1.0,13.99,13.99
RADIX_OVATA,MYTILUS_TROSSULUS,1.0,13.99,13.99
RAJIDAE,SPECIE,1.0,4.43,4.43
RANA_TEMPORARIA,LINNAEUS,1.0,8.71,8.71
RANUNCULUS,ZANNICHELLIA,1.0,13.99,13.99
RESOURCE,CHAOBORUS,1.0,10.6,10.6
RESOURCE,SALVELINUS_ALPINUS,1.0,10.41,10.41
RESOURCE,SILURUS_GLANIS,1.0,10.6,10.6
RHAGIONIDAE,HEMIPTERA,1.0,11.19,11.19
RHINICHTHYS_ATRATULUS,RHINICHTHYS_CATARACTAE,1.0,13.41,13.41
RHINOGOBIUS,SPECIE,17.0,8.5,8.5
RHINOGOBIUS,SPECIES,5.0,9.58,9.58
RHINOGOBIUS_BRUNNEUS,SPECIES,1.0,7.41,7.41
RHODEUS_AMARUS,ABRAMIS_BRAMA,1.0,12.19,12.19
RHODEUS_AMARUS,ALBURNUS_ALBURNUS,1.0,12.19,12.19
RHODEUS_SERICEUS,CYPRINIDAE,2.0,12.09,12.09
RHODEUS_SERICEUS,SQUALIUS_CEPHALUS,1.0,13.0,13.0
RIVER,SALIX_SPP,1.0,10.82,10.82
ROACH,PERCA,1.0,11.99,11.99
ROACH,RUTILIS_RUTILUS,2.0,9.75,9.75
ROACH,RUTILUS_RURILUS,1.0,8.76,8.76
ROACH,RUTILUS_RUTILUS,58.0,13.74,13.74
ROACH,TINCA_TINCA,1.0,8.65,8.65
ROTIFERA,CLADOCERA,1.0,11.83,11.83
ROTIFERA,PROTOZOA,1.0,13.0,13.0
ROTIFERA,ZOOPLANKTON,1.0,11.19,11.19
RUTILUS_RUTILUS,ABRAMIS_BRAMA,1.0,11.19,11.19
RUTILUS_RUTILUS,ALBURNUS_ALBURNUS,1.0,11.19,11.19
RUTILUS_RUTILUS,BLICCA_BJOERKNA,1.0,11.41,11.41
RUTILUS_RUTILUS,ESOX_LUCIUS,1.0,11.09,11.09
RUTILUS_RUTILUS,GOBIO_SPP,1.0,11.19,11.19
RUTILUS_RUTILUS,PERCA,1.0,11.99,11.99
RUTILUS_RUTILUS,PERCA_FLUVIATILIS,1.0,10.35,10.35
RUTILUS_RUTILUS,PERCH,1.0,9.87,9.87
RUTILUS_RUTILUS,PROTERORHINUS_SEMILUNARIS,1.0,11.54,11.54
RUTILUS_RUTILUS,RHODEUS_SERICEUS,1.0,11.41,11.41
RUTILUS_RUTILUS,TINCA_TINCA,1.0,11.0,11.0
SALIX,ALNUS,1.0,13.99,13.99
SALMINUS_BRASILIENSIS,BRYCON_ORBIGNYANUS,1.0,13.99,13.99
SALMINUS_HILARII,SCHIZODON_NASUTUS,1.0,12.68,12.68
SALMO,LINNAEUS,4.0,10.44,10.44
SALMO,ONCORHYNCHUS,5.0,12.73,12.73
SALMO,PARR,3.0,8.05,8.05
SALMO,SALMON,1.0,8.18,8.18
SALMO,SALVELINUS,1.0,10.68,10.68
SALMO,SPECIE,2.0,5.42,5.42
SALMO,THYMALLUS_THYMALLUS,1.0,10.68,10.68
SALMON,MORONE_SAXATILIS,1.0,11.09,11.09
SALMON,NICIEZA,1.0,13.0,13.0
SALMON,ONCORHYNCHUS_GORBSCHA,1.0,5.98,5.98
SALMON,ONCORHYNCHUS_GORBUSCHA,1.0,5.98,5.98
SALMON,ONCORHYNCHUS_KETA,4.0,7.97,7.97
SALMON,ONCORHYNCHUS_KISUTCH,15.0,10.469999999999999,10.469999999999999
SALMON,ONCORHYNCHUS_KISUTSCH,1.0,5.98,5.98
SALMON,ONCORHYNCHUS_MASOU,14.0,9.75,9.75
SALMON,ONCORHYNCHUS_MYKISS,1.0,11.09,11.09
SALMON,ONCORHYNCHUS_NERKA,17.0,10.02,10.02
SALMON,ONCORHYNCHUS_SPP,6.0,8.55,8.55
SALMON,ONCORHYNCHUS_TSHAWYTSCHA,15.0,10.469999999999999,10.469999999999999
SALMON,ONCORHYNCUS_KISUTCH,1.0,5.98,5.98
SALMON,ONCORLIYNCHUS_NERKA,1.0,5.98,5.98
SALMON,SALMO,7.0,8.76,8.76
SALMON,SALMO_SALAR,126.0,11.68,11.68
SALMON,SALMO_SALAR_PARR,4.0,7.97,7.97
SALMONIDAE,CENTRARCHIDAE,1.0,10.35,10.35
SALMONIDAE,EEL,1.0,9.06,9.06
SALMONIDAE,MALE,1.0,9.41,9.41
SALMONIDAE,SALMONIDAE,3.0,11.45,11.45
SALMONIDAE,SALVELINUS,1.0,10.41,10.41
SALMONIDAE,SILURIDAE,1.0,10.41,10.41
SALMONIDAE,SPECIE,5.0,6.74,6.74
SALMONIDAE,SPECIES,1.0,7.27,7.27
SALMONIDAE,THYMALLUS,4.0,12.35,12.35
SALMONIDAE,UMBRIDAE,3.0,11.83,11.83
SALMO_SALAR,LINNAEUS,2.0,9.61,9.61
SALMO_SALAR,PARR,2.0,7.5,7.5
SALMO_SALAR,SALMON,1.0,8.31,8.31
SALMO_SALAR,SALMO_TRUTTA,1.0,7.29,7.29
SALMO_SALAR,TROUT,1.0,8.09,8.09
SALMO_TRUTTA,BARBUS_HAASI,1.0,11.0,11.0
SALMO_TRUTTA,LINNAEUS,9.0,11.64,11.64
SALMO_TRUTTA,ONCORHYNCHUS_MYKISS,1.0,9.38,9.38
SALMO_TRUTTA,PARR,2.0,7.48,7.48
SALMO_TRUTTA,THYMALLUS_THYMALLUS,1.0,10.82,10.82
SALMO_TRUTTA,TROUT,2.0,9.545,9.545
SALMO_TRUTTA_FARIO,LINNAEUS,1.0,8.68,8.68
SALMO_TRUTTA_FARIO,SALMO_TRUTTA_TRUTTA,1.0,13.0,13.0
SALMO_TRUTTA_FARIO,SALVELINUS_FONTINALIS,1.0,9.53,9.53
SALMO_TRUTTA_TRUTTA,LINNAEUS,1.0,8.69,8.69
SALMO_TRUTTA_TRUTTA,SALVELINUS_FONTINALIS,1.0,9.57,9.57
SALVELINUS,LINNEAUS,2.0,12.19,12.19
SALVELINUS,PARR,1.0,6.5,6.5
SALVELINUS,SALMO,1.0,10.75,10.75
SALVELINUS,SPECIE,4.0,6.42,6.42
SALVELINUS_ALPINUS,SALMON,1.0,8.4,8.4
SALVELINUS_CONFLUENTUS,CARPIODES_CYPRINUS,1.0,12.68,12.68
SALVELINUS_FONTINALIS,SALMO_TRUTTA,2.0,8.33,8.33
SANDER_VITREUS,SANDER_CANADENSIS,1.0,13.99,13.99
SARCOCHEILICHTHYS_PARVUS,ABBOTTINA_TAFANGENSIS,1.0,13.99,13.99
SAROTHERODON,OREOCHROMIS,1.0,13.99,13.99
SAUROGOBIO_DABRYI,ERYTHROCULTER_ILISHAEFORMIS,1.0,13.0,13.0
SCARDINIUS_ERYTHROPHTHALMUS,CARASSIUS_AURATUS,1.0,12.68,12.68
SCELOPORUS_UNDULATUS,ROSENBLUM,1.0,13.99,13.99
SCHILBE_MULTITAENIATUS,LABEO_BATESII,1.0,13.99,13.99
SCIAENIDAE,APLODINOTUS_GRUNNIENS,1.0,13.0,13.0
SCIENTIARUM,ACADEMIAE_SCIENTIARUM_BOHEMOSLOVACAE,1.0,13.41,13.41
SCORPAENIDAE,SEBASTES,2.0,13.99,13.99
SEMOTILUS,SPECIE,1.0,4.43,4.43
SERRANIDAE,SINIPERCA_CHUATSI,1.0,13.41,13.41
SERRA_DA,MANTIQUEIRA,1.0,13.99,13.99
SICYDIINAE,2011A,1.0,11.83,11.83
SICYDIINAE,2011B,1.0,11.83,11.83
SICYDIINAE,ET,1.0,11.83,11.83
SICYDIINAE,GENUS,1.0,11.67,11.67
SICYDIINAE,KEITH,2.0,12.41,12.41
SICYDIINAE,LARVA,7.0,9.01,9.01
SICYDIINAE,LORD,1.0,11.83,11.83
SICYDIINAE,SICYOPTERUS,1.0,12.41,12.41
SICYDIINAE,SICYOPTERUS_LAGOCEPHALUS,1.0,9.79,9.79
SICYDIINAE,SICYOPUS,1.0,13.0,13.0
SICYDIINAE,SMILOSICYOPUS,1.0,13.0,13.0
SICYDIINAE,SPECIE,24.0,9.67,9.67
SICYDIINAE,SPECIES,2.0,8.19,8.19
SICYDIUM,LARVA,1.0,6.3,6.3
SICYDIUM,PERUGIA,1.0,12.68,12.68
SICYDIUM_PUNCTATUM,LARVA,1.0,6.3,6.3
SICYDIUM_PUNCTATUM,PERUGIA,2.0,13.41,13.41
SICYOPTERUS,SPECIE,22.0,8.87,8.87
SICYOPTERUS_EXTRANEUS,GOBIIDAE,1.0,12.68,12.68
SICYOPTERUS_LAGOCEPHALUS,LARVA,3.0,7.89,7.89
SICYOPUS_ZOSTEROPHORUM,SMILOSICYOPUS_CHLOE,2.0,13.67,13.67
SIDA_CRYSTALLINA,CERIODAPHNIA,1.0,13.99,13.99
SILURIFORMES,AGENEIOSUS,1.0,13.99,13.99
SILURIFORMES,AUCHENIPTERIDAE,1.0,11.67,11.67
SILURIFORMES,HEPTAPTERINAE,1.0,11.67,11.67
SILURIFORMES,HYPOSTOMUS_SPP,1.0,11.41,11.41
SILURIFORMES,LORICARIIDAE,2.0,12.29,12.29
SILURIFORMES,PIMELODIDAE,1.0,11.54,11.54
SILURIFORMES,TRICHOMYCTERIDAE,3.0,12.88,12.88
SILURUS,LINNAEUS,1.0,8.71,8.71
SILURUS_ASOTUS,COBITIS_SINENSIS,1.0,13.99,13.99
SIMULIIDAE,DIPTERA,1.0,11.09,11.09
SIMULIIDAE,EPHEMEROPTERA,1.0,11.41,11.41
SIMULIIDAE,LARVA,2.0,7.3,7.3
SOREX,CLETHRIONOMYS_RUTILUS,1.0,12.19,12.19
SOREX,MICROTUS_OECONOMUS,1.0,12.19,12.19
SOREX,PEROMYSCUS_MANICULATUS,1.0,12.19,12.19
SPARIDAE,MUGILIDAE,1.0,13.99,13.99
SPECIE,ABRAMIS,1.0,6.81,6.81
SPECIE,ACER_RUBRUM,1.0,6.81,6.81
SPECIE,ACIPENSER,1.0,6.81,6.81
SPECIE,ACIPENSER_GUELDENSTAEDTII,1.0,6.81,6.81
SPECIE,ACIPENSER_RUTHENUS,1.0,6.8,6.8
SPECIE,ALBURNUS_ALBURNUS,1.0,6.81,6.81
SPECIE,ALOSA_ALOSA,1.0,9.5,9.5
SPECIE,AMBLYOPSIS_ROSAE,1.0,6.81,6.81
SPECIE,AMEIURUS,1.0,6.8,6.8
SPECIE,AMEIURUS_CATUS,2.0,9.97,9.97
SPECIE,ANGUILLA_ANGUILLA,7.0,8.435,8.435
SPECIE,ANGUILLA_DIEFFENBACHII,1.0,9.5,9.5
SPECIE,ANGUILLA_JAPONICA,1.0,6.81,6.81
SPECIE,AWAOS_GUAMENSIS,1.0,6.8,6.8
SPECIE,BAGRUS_DOCMAK,1.0,6.81,6.81
SPECIE,BARBUS,1.0,6.81,6.81
SPECIE,BARBUS_SPP,1.0,6.81,6.81
SPECIE,BOSMINA,1.0,6.8,6.8
SPECIE,BYTHOTREPHES,1.0,6.8,6.8
SPECIE,CALLES,1.0,6.81,6.81
SPECIE,CARASSIUS_CARASSIUS,3.0,8.405,8.405
SPECIE,CARPIODES_CYPRINUS,2.0,7.79,7.79
SPECIE,CATOSTOMUS_MACROCHEILUS,1.0,6.81,6.81
SPECIE,CERCOPAGIS,1.0,6.81,6.81
SPECIE,CHONDROSTOMA_WILLKOMMI,1.0,6.81,6.81
SPECIE,CICHLA_SPP,1.0,6.81,6.81
SPECIE,CLETHRIONOMYS_RUTILUS,1.0,6.79,6.79
SPECIE,COBITIS_TAENIA,1.0,6.81,6.81
SPECIE,COLOSSOMA_MACROPOMUM,1.0,6.81,6.81
SPECIE,COREGONUS,1.0,6.79,6.79
SPECIE,COREGONUS_ALBULA,2.0,8.155,8.155
SPECIE,COREGONUS_LAVARETUS,2.0,8.155,8.155
SPECIE,COTTIDAE,1.0,6.8,6.8
SPECIE,COTTUS,2.0,7.81,7.81
SPECIE,COTTUS_HANGIONGENSIS,1.0,6.8,6.8
SPECIE,COTTUS_POLLUX,1.0,6.8,6.8
SPECIE,CYPRINELLA,2.0,8.86,8.86
SPECIE,CYPRINELLA_GALACTURA,1.0,6.81,6.81
SPECIE,CYPRINIDAE,1.0,6.79,6.79
SPECIE,CYPRINUS,1.0,6.8,6.8
SPECIE,CYPRINUS_CARPIO,1.0,6.8,6.8
SPECIE,EPHEMEROPTERA,1.0,6.8,6.8
SPECIE,ESOX_LUCIUS,2.0,7.76,7.76
SPECIE,ETHEOSTOMA_NIGRUM,1.0,9.0,9.0
SPECIE,EUDIAPTOMUS_GRACILOIDES,1.0,6.8,6.8
SPECIE,GAMBUSIA_HOLBROOKI,2.0,8.145,8.145
SPECIE,GOBIO_GOBIO,3.0,8.38,8.38
SPECIE,GYMNOCEPHALUS_CERNUUS,1.0,6.81,6.81
SPECIE,GYMNOGOBIUS_ISAZA,1.0,6.81,6.81
SPECIE,GYMNOTHORAX_POLYURANODON,1.0,9.0,9.0
SPECIE,HETEROTIS,1.0,9.5,9.5
SPECIE,HUSO_HUSO,1.0,6.81,6.81
SPECIE,HYPSELEOTRIS_SPP,2.0,7.8,7.8
SPECIE,ICTALURUS_PUNCTATUS,2.0,7.865,7.865
SPECIE,IUTARIA,1.0,6.8,6.8
SPECIE,LAGAROSIPHON,1.0,9.0,9.0
SPECIE,LATES_NILOTICUS,2.0,7.8,7.8
SPECIE,LEPOMIS,1.0,6.79,6.79
SPECIE,LEPOMIS_AURITUS,1.0,6.81,6.81
SPECIE,LEPOMIS_MACROCHIRUS,2.0,7.8,7.8
SPECIE,LEPTODORA_KINDTI,1.0,9.0,9.0
SPECIE,LINNAEUS,1.0,6.8,6.8
SPECIE,LOTA_LOTA,3.0,8.645,8.645
SPECIE,LUXILUS_COCCOGENIS,1.0,6.81,6.81
SPECIE,MAMIRAUA,1.0,6.8,6.8
SPECIE,MICROPTERUS,2.0,7.81,7.81
SPECIE,MICROPTERUS_SALMOIDES,2.0,7.77,7.77
SPECIE,MICROTUS_OECONOMUS,1.0,6.79,6.79
SPECIE,MIRZA,1.0,6.81,6.81
SPECIE,MYSIS_DILUVIANA,1.0,6.81,6.81
SPECIE,ONCORHYNCHUS,3.0,8.38,8.38
SPECIE,ONCORHYNCHUS_CLARKII,1.0,6.81,6.81
SPECIE,ONCORHYNCHUS_NERKA,1.0,6.8,6.8
SPECIE,ONCORHYNCHUS_SPP,1.0,6.81,6.81
SPECIE,OREOCHROMIS_ESCULENTUS,1.0,6.81,6.81
SPECIE,OREOCHROMIS_MOSSAMBICUS,1.0,6.81,6.81
SPECIE,OREOCHROMIS_NILOTICUS,2.0,7.81,7.81
SPECIE,OREOCHROMIS_VARIABILIS,1.0,6.81,6.81
SPECIE,OSMERUS_EPERLANUS,1.0,6.8,6.8
SPECIE,PERCA,1.0,6.78,6.78
SPECIE,PERCINA_CAPRODES,1.0,6.8,6.8
SPECIE,PEROMYSCUS_MANICULATUS,1.0,6.79,6.79
SPECIE,PHILYPNODON,1.0,6.81,6.81
SPECIE,PIMELODIDAE,1.0,6.79,6.79
SPECIE,PIMEPHALES_VIGILAX,1.0,10.91,10.91
SPECIE,PLECOGLOSSUS_ALTIVELIS,1.0,6.8,6.8
SPECIE,POMOXIS_SPP,1.0,6.81,6.81
SPECIE,PROTOTROCTES,1.0,6.81,6.81
SPECIE,PTYCHOCHEILUS,2.0,7.81,7.81
SPECIE,PYGOCENTRUS_NATTERERI,1.0,9.0,9.0
SPECIE,PYLODICTIS_OLIVARIS,1.0,6.8,6.8
SPECIE,RHINICHTHYS,1.0,6.81,6.81
SPECIE,RHINICHTHYS_CATARACTAE,1.0,9.5,9.5
SPECIE,RHINOGBIUS,1.0,6.81,6.81
SPECIE,RHINOGOBIUS,1.0,6.81,6.81
SPECIE,RICHARDSONIUS_BALTEATUS,2.0,7.81,7.81
SPECIE,RUTILUS,1.0,6.79,6.79
SPECIE,RUTILUS_RUTILUS,4.0,8.76,8.76
SPECIE,SALMO,2.0,7.79,7.79
SPECIE,SALMO_GAIRDNERI,1.0,8.81,8.81
SPECIE,SALMO_SALAR,4.0,8.78,8.78
SPECIE,SALMO_TRUTTA,5.0,9.07,9.07
SPECIE,SALVELINUS,4.0,8.79,8.79
SPECIE,SALVELINUS_ALPINUS,2.0,7.79,7.79
SPECIE,SALVELINUS_CONFLUENTUS,2.0,7.79,7.79
SPECIE,SALVELINUS_FONTINALIS,1.0,6.8,6.8
SPECIE,SALVELINUS_NAMAYCUSH,1.0,6.81,6.81
SPECIE,SANDER_LUCIOPERCA,1.0,6.8,6.8
SPECIE,SANDER_VITREUS,1.0,6.79,6.79
SPECIE,SCARDINIUS_ERYTHROPHTALMUS,1.0,6.81,6.81
SPECIE,SCHILBE_INTERMEDIUS,1.0,6.81,6.81
SPECIE,SEBASTES_MELANOPS,1.0,6.81,6.81
SPECIE,SICYDIINAE,1.0,6.81,6.81
SPECIE,SICYDIUM_PUNCTATUM,1.0,9.5,9.5
SPECIE,SMILOSICYOPUS_CHLOE,1.0,8.96,8.96
SPECIE,SPOTILA,1.0,6.81,6.81
SPECIE,STIZOSTEDION_LUCIOPERCA,1.0,6.81,6.81
SPECIE,THYMALLUS_THYMALLUS,1.0,6.81,6.81
SPECIE,TINCA_TINCA,3.0,8.38,8.38
SPECIE,TRICHOPTERA,1.0,6.79,6.79
SPECIE,TRICHOPTERA_SPP,1.0,6.8,6.8
SPECIES,ABRAMIS_BRAMA,1.0,10.54,10.54
SPECIES,ANGUILLA_ANGUILLA,3.0,9.445,9.445
SPECIES,ANGUILLA_JAPONICA,1.0,9.06,9.06
SPECIES,APHANIUS_BAETICUS,1.0,9.83,9.83
SPECIES,APHANIUS_IBERUS,1.0,9.83,9.83
SPECIES,BOSMINA_SPP,1.0,9.75,9.75
SPECIES,CATOSTOMUS_DISCOBOLUS,1.0,9.79,9.79
SPECIES,CHANNA_ARGUS,1.0,10.41,10.41
SPECIES,CLUPEA_HARENGUS_MEMBRAS,1.0,10.41,10.41
SPECIES,CORBICULA_FLUMINEA,2.0,10.79,10.79
SPECIES,COREGONUS_PUSILLUS,1.0,9.83,9.83
SPECIES,DAPHNIA,1.0,9.75,9.75
SPECIES,ETHEOSTOMA_SPECTABILE,1.0,9.83,9.83
SPECIES,GAMBUSIA_HOLBROOKI,1.0,10.47,10.47
SPECIES,HYPSELEOTRIS_SWINHONIS,1.0,10.41,10.41
SPECIES,LEPOMIS_GIBBOSUS,1.0,10.54,10.54
SPECIES,MUGIL_CEPHALUS,1.0,9.83,9.83
SPECIES,ONCORHYNCHUS_MYKISS,1.0,8.89,8.89
SPECIES,PROCAMBARUS_CLARKII,1.0,9.83,9.83
SPECIES,RETROPINNA_SEMONI,1.0,9.83,9.83
SPECIES,RUTILUS_RUTILUS,1.0,10.0,10.0
SPECIES,SALMO_TRUTTA,3.0,10.67,10.67
SPECIES,SALVELINUS_PROFUNDUS,1.0,9.83,9.83
SPECIES,SICYOPTERUS_LAGOCEPHALUS,1.0,9.71,9.71
SPECIES,SICYOPUS_ZOSTEROPHORUM,1.0,9.83,9.83
SPECIES,SISYMBRIUM_AUSTRIACUM,1.0,9.83,9.83
SPECIES,THYMALLUS_ARCTICUS,1.0,9.83,9.83
SPECIES,TRICHOMYCTERUS_AREOLATUS,1.0,9.83,9.83
SQUALIUS,BARBUS,1.0,13.41,13.41
SQUALIUS,SPECIE,1.0,4.43,4.43
SQUALIUS_CEPHALUS,RUTILUS_RUTILUS,1.0,8.93,8.93
SQUALIUS_CEPHALUS,TINCA_TINCA,1.0,11.83,11.83
STIPHODON,SPECIE,1.0,4.43,4.43
STIZOSTEDION_LUCIOPERCA,ESOX_LUCIUS,1.0,12.19,12.19
STIZOSTEDION_VITREUM,LARVA,2.0,7.31,7.31
STREAM,CAMPOSTOMA_ANOMALUM,3.0,13.0,13.0
STUCKENIA,RANUNCULUS,1.0,13.99,13.99
STUDY,CHONDROSTOMA_DURIENSE,1.0,11.3,11.3
SUB,CATONOTUS,1.0,13.0,13.0
SYNGNATHIDAE,UMBRIDAE,1.0,12.19,12.19
SYNODONTIS,TILAPIA_RENDALLI,1.0,13.41,13.41
TABANIDAE,BLEPHAROCERIDAE,1.0,13.99,13.99
TALLAPOOSA,COTTUS_CAROLINAE,1.0,13.0,13.0
TELEOSTEI,AKIHITO_FUTUNA,1.0,12.19,12.19
TELEOSTEI,ANGUILLIDAE,1.0,11.09,11.09
TELEOSTEI,CHARACIDAE,1.0,10.82,10.82
TELEOSTEI,CHRENUCHIDAE,1.0,11.09,11.09
TELEOSTEI,CICHLIDAE,1.0,10.91,10.91
TELEOSTEI,COBITIDAE,1.0,11.09,11.09
TELEOSTEI,COTTIDAE,1.0,11.09,11.09
TELEOSTEI,CYPRINIDAE,5.0,12.62,12.62
TELEOSTEI,FISH,1.0,11.83,11.83
TELEOSTEI,GOBIIDAE,1.0,10.82,10.82
TELEOSTEI,OSTEOGLOSSIDAE,2.0,11.83,11.83
TELEOSTEI,PREDATOR-PREY,1.0,11.99,11.99
TELEOSTEI,SPECIE,1.0,9.27,9.27
TELEOSTEI,SPECIES,2.0,11.35,11.35
TELESTES,THYMALLUS_THYMALLUS,1.0,12.68,12.68
TELESTES,TINCA_TINCA,1.0,11.83,11.83
TELESTES_SOUFFIA,TINCA_TINCA,1.0,11.99,11.99
TETRIX_ORNATA,LEPIDOPTERA,1.0,12.68,12.68
THUJA_OCCIDENTALIS,LARIX_LARICINA,1.0,13.99,13.99
THYMALLUS_THYMALLUS,LINNAEUS,1.0,8.64,8.64
THYMALLUS_THYMALLUS,SALMONIDAE,2.0,11.75,11.75
THYMALLUS_THYMALLUS,TINCA_TINCA,2.0,12.41,12.41
THYSANOPTERA,COLEOPTERA,1.0,13.0,13.0
TILAPIA_THOLLONI,ALESTES_SCHOUTEDENI,1.0,13.99,13.99
TINCA_TINCA,ESOX_LUCIUS,1.0,11.67,11.67
TINCA_TINCA,MICROPTERUS_SALMOIDES,1.0,12.19,12.19
TINCA_TINCA,PHOXINUS_PHOXINUS,1.0,10.35,10.35
TINCA_TINCA,SILURUS_GLANIS,1.0,11.99,11.99
TRICHOMYCTERUS,COTTUS_BAIRDI,1.0,13.0,13.0
TRICHOMYCTERUS,SPECIES,1.0,7.4,7.4
TRICHOMYCTERUS_CALIENSE,ASTROBLEPUS_CYCLOPUS,1.0,13.99,13.99
TRICHOPTERA,CHIRONOMIDAE,1.0,10.09,10.09
TRICHOPTERA,DIPTERA,2.0,10.79,10.79
TRICHOPTERA,EPHEMEROPTERA,1.0,9.91,9.91
TRICHOPTERA,INVERTEBRATE,1.0,9.48,9.48
TRICHOPTERA,LARVA,12.0,9.81,9.81
TRICHOPTERA,LEPIDOPTERA,1.0,10.09,10.09
TRICHOPTERA,MEGALOPTERA,1.0,10.19,10.19
TRICHOPTERA,MOLLUSCA,1.0,10.14,10.14
TRICHOPTERA,ODONATA,2.0,10.91,10.91
TRICHOPTERA,SPECIE,1.0,4.41,4.41
TRICHOPTERA,TRICHOPTERA,3.0,11.06,11.06
TROPOCYCLOPS,MESOCYCLOPS,1.0,13.99,13.99
TROUT,CARPIODES_CYPRINUS,1.0,10.19,10.19
TROUT,COTTUS_SPP,1.0,5.99,5.99
TROUT,LONTRA_CANADENSIS,1.0,10.35,10.35
TROUT,ONCHORHYNCHUS_CLARKI,1.0,5.99,5.99
TROUT,ONCHORHYNCHUS_MYKISS,1.0,5.99,5.99
TROUT,ONCORHYNCHUS,2.0,6.97,6.97
TROUT,ONCORHYNCHUS_CLARKII,1.0,5.99,5.99
TROUT,ONCORHYNCHUS_CLARKII_CLARKII,1.0,5.99,5.99
TROUT,ONCORHYNCHUS_CLARKI_LEWISI,3.0,7.56,7.56
TROUT,ONCORHYNCHUS_MYKISS,31.0,10.85,10.85
TROUT,ONCORHYNCUS_MYKISS,1.0,5.99,5.99
TROUT,SALMO,1.0,5.96,5.96
TROUT,SALMO_CLARKI_LEWISI,1.0,5.99,5.99
TROUT,SALMO_GAIRDNERI,9.0,9.13,9.13
TROUT,SALMO_GAIRDNERII,1.0,5.99,5.99
TROUT,SALMO_SALAR,1.0,10.09,10.09
TROUT,SALMO_TRUTTA,196.0,11.475,11.475
TROUT,SALMO_TRUTTA_MARMORATUS,2.0,6.98,6.98
TROUT,SALVELINUS_CONFLUENTUS,19.0,10.58,10.58
TROUT,SALVELINUS_FONTINALIS,40.0,10.73,10.73
TROUT,SALVELINUS_NAMAYCUSH,13.0,9.65,9.65
TROUT,SULMO_GUIRDNERI,1.0,5.99,5.99
TRYCHOMICTERIDAE,SPECIE,1.0,4.43,4.43
TYPHA,PHRAGMITES,1.0,13.99,13.99
VALLISNERIA,BLUEGILL,2.0,10.91,10.91
VALLISNERIA,LEPOMIS,1.0,12.68,12.68
VALLI_DI,EEL,1.0,9.64,9.64
VASTUS,SHOAL,1.0,11.99,11.99
VICTORIA,BAY,1.0,12.41,12.41
VICTORIA,FISH,1.0,6.71,6.71
VICTORIA,ISLAND,1.0,13.0,13.0
VICTORIA,NYANZA,1.0,12.68,12.68
VICTORIA,PERCH,2.0,9.5,9.5
VICTORIA,PUNDAMILIA_NYEREREI,1.0,12.68,12.68
VICTORIA_HAPLOCHROMINE,FISH,1.0,6.73,6.73
VULPES_VULPES,ARDEA,1.0,12.68,12.68
VULPES_VULPES,CICONIA_CICONIA,1.0,12.68,12.68
VULPES_VULPES,MILVUS_NIGRANS,1.0,12.68,12.68
XENOCHARAX_SPILURUS,BRYCINUS_LONGIPINNIS,1.0,13.99,13.99
ZANNICHELLIA,CALLITRICHE,1.0,13.99,13.99
ZOOLOGIA,BRASILIA,1.0,13.41,13.41
ZOOPLANKTON,BYTHOTREPHES,1.0,12.41,12.41
ZOOPLANKTON,CHAOBORUS,5.0,11.66,11.66
ZOOPLANKTON,DAPHNIA,1.0,12.68,12.68
ZOOPLANKTON,DAPHNIA_GALEATA,2.0,10.85,10.85
ZOOPLANKTON,MYSIDACEA,1.0,9.02,9.02
